Rk,Name,Age,Tm,Lg,G,PA,AB,R,H,2B,3B,HR,RBI,SB▼,CS,BB,SO,BA,OBP,SLG,OPS,OPS+,TB,GDP,HBP,SH,SF,IBB,Pos Summary,Name-additional
1,Cool Papa Bell#,26,TOT,NNL,97,447,391,98,125,26,5,3,40,49,,49,,.320,.397,.435,.832,117,170,,1,6,,,*8/31,bellco99
2,Kiki Cuyler,30,CHC,NL,139,596,509,111,183,29,7,15,102,43,11,66,56,.360,.438,.532,.970,139,271,,5,16,,0,*97H,cuyleki01
3,LeRoy Taylor*,26,KCM,NNL,73,305,274,60,98,8,10,1,51,34,,18,,.358,.399,.471,.870,126,129,,1,12,,,*9/7,taylole02
4,Evar Swanson,26,CIN,NL,148,636,574,100,172,35,12,4,43,33,20,41,47,.300,.353,.423,.776,95,243,,6,15,,1,*78/H,swansev01
5,Willie Wells,24,TOT,NNL,99,444,377,109,137,24,6,26,128,31,,53,,.363,.444,.666,1.110,185,251,,2,12,,,*6,wellswi99
6,Charlie Gehringer*,26,DET,AL,155,717,634,131,215,45,19,13,106,27,10,64,19,.339,.405,.532,.936,139,337,,6,11,,3,*4/H,gehrich01
7,Bullet Rogan,35,KCM,NNL,72,308,259,65,93,16,9,7,69,26,,41,,.359,.449,.571,1.020,164,148,,1,7,,,*8/5319,roganbu99
8,Bill Cissell,25,CHW,AL,152,666,618,83,173,27,12,5,62,25,17,28,53,.280,.312,.387,.699,80,239,,1,19,,0,*6,cissebi01
9,Frankie Frisch#,31,STL,NL,138,599,527,93,176,40,12,5,74,24,12,53,12,.334,.397,.484,.881,115,255,,2,17,,0,*45/H6,friscfr01
10,Bing Miller,34,PHA,AL,147,613,556,84,184,32,16,8,93,24,10,40,25,.331,.380,.489,.869,119,272,,4,13,,1,*9/78H,millebi02
11,Jack Rothrock#,24,BOS,AL,143,531,473,70,142,19,7,6,59,24,13,43,47,.300,.361,.408,.769,100,193,,2,13,,1,*8H/9,rothrja01
12,Newt Allen,28,KCM,NNL,74,327,295,65,98,27,6,3,54,23,,24,,.332,.382,.495,.877,127,146,,0,8,,,*4,allenne02
13,Rap Dixon,26,BBS,ANL,76,320,277,77,115,23,7,16,92,22,,33,,.415,.482,.722,1.204,190,200,,3,7,,,789/36,dixonra01
14,Ethan Allen,25,CIN,NL,143,568,538,69,157,27,11,6,64,21,9,20,21,.292,.317,.416,.734,84,224,,0,10,,1,*879/H,allenet01
15,Babe Herman*,26,BRO,NL,146,637,569,105,217,42,13,21,113,21,15,55,45,.381,.436,.612,1.047,159,348,,0,13,,5,*9/H3,hermaba01
16,Jud Wilson*,33,BBS,ANL,76,336,280,77,113,23,4,10,75,21,,44,,.404,.492,.621,1.114,170,174,,5,7,,,*3/5967,wilsoju99
17,Roy Johnson*,26,DET,AL,148,715,640,128,201,45,14,10,69,20,16,67,60,.314,.379,.475,.854,118,304,,0,6,,1,*789/H,johnsro02
18,Adam Comorosky,24,PIT,NL,127,533,473,86,152,26,11,6,97,19,4,40,22,.321,.377,.461,.838,104,218,,2,18,,5,*7/H8,comorad01
19,Lew Fonseca,30,CLE,AL,148,645,566,97,209,44,15,6,103,19,11,50,23,.369,.427,.532,.959,142,301,,7,20,,3,*3/H,fonsele01
20,Buddy Myer*,25,WSH,AL,141,639,563,80,169,29,10,3,82,19,7,63,33,.300,.373,.403,.776,99,227,,2,11,,1,45/H,myerbu01
21,Carl Reynolds,26,CHW,AL,131,559,517,81,164,24,12,11,67,19,9,20,37,.317,.348,.474,.821,111,245,,4,18,,3,*987/H,reynoca01
22,Curt Walker*,32,CIN,NL,141,601,492,76,154,28,15,7,83,17,17,85,17,.313,.416,.474,.890,125,233,,2,22,,7,*9/H,walkecu01
23,Marty McManus,29,DET,AL,154,672,599,99,168,32,8,18,90,16,11,60,52,.280,.347,.451,.798,104,270,,1,12,,2,*5/6,mcmanma01
24,Dink Mothell#,31,KCM,NNL,70,315,263,53,64,12,2,4,40,16,,32,,.243,.328,.350,.678,77,92,,1,19,,,*3/4,mothedi01
25,Sam Rice*,39,WSH,AL,150,694,616,119,199,39,10,1,62,16,8,55,9,.323,.382,.424,.806,106,261,,4,19,,0,*9/H,ricesa01
26,Charlie Smith*,27,NLG,ANL,66,304,246,86,111,29,4,22,81,16,,48,,.451,.551,.870,1.421,242,214,,7,3,,,*9/47,smithch11
27,Clarence Smith,--,BBB,NNL,68,284,264,39,96,10,7,6,54,16,,9,,.364,.385,.523,.907,134,138,,0,11,,,978/42,smithcl02
28,Fresco Thompson,27,PHI,NL,148,717,623,115,202,41,3,4,53,16,9,75,34,.324,.398,.419,.817,98,261,,1,16,,0,*4,thompfr03
29,Pythias Russ,25,CAG,NNL,64,257,233,53,86,10,11,3,51,15,,18,,.369,.414,.545,.959,148,127,,0,6,,,62,russpy01
30,Paul Waner*,26,PIT,NL,151,704,596,131,200,43,15,15,100,15,9,89,24,.336,.424,.534,.958,133,318,,3,15,,3,*9/3H,wanerpa01
31,Harvey Hendrick*,31,BRO,NL,110,424,384,69,136,25,6,14,82,14,12,31,20,.354,.404,.560,.964,138,215,,1,8,,1,37H9/568,hendrha01
32,Judy Johnson,29,TOT,ANL,82,368,335,79,123,21,5,6,69,14,,21,,.367,.406,.513,.920,123,172,,1,11,,,*56,johnsju99
33,Frank O'Rourke,37,SLB,AL,154,659,585,81,147,23,9,2,62,14,7,41,28,.251,.306,.332,.637,62,194,,5,28,,0,*5/46,o'roufr01
34,Namon Washington?,35,NLG,ANL,66,310,265,68,77,10,2,2,24,14,,29,,.291,.363,.366,.729,78,97,,1,15,,,*7/49,washina01
35,Earl Averill*,27,CLE,AL,152,680,597,110,198,43,13,18,96,13,14,63,53,.332,.398,.538,.936,136,321,,3,17,,2,*8,averiea01
36,Woody English,23,CHC,NL,144,700,608,131,168,29,3,1,52,13,6,68,50,.276,.352,.339,.691,72,206,,3,21,,1,*6,engliwo01
37,Halley Harding#,24,KCM,NNL,74,348,305,64,96,23,9,0,34,13,,34,,.315,.383,.449,.833,116,137,,0,9,,,*6,hardiha01
38,Rabbit Maranville,37,BSN,NL,146,634,560,87,159,26,10,0,55,13,6,47,33,.284,.344,.366,.710,80,205,,4,23,,1,*6/4,maranra01
39,Norm McMillan,33,CHC,NL,124,541,495,77,134,35,5,5,55,13,8,36,43,.271,.324,.392,.716,77,194,,3,7,,0,*5/H,mcmilno01
40,Russ Scarritt*,26,BOS,AL,151,593,540,69,159,26,17,1,71,13,11,34,38,.294,.337,.411,.749,94,222,,1,18,,2,*7H9/8,scarrru01
41,Denny Sothern,25,PHI,NL,76,318,294,52,90,21,3,5,27,13,9,16,24,.306,.346,.449,.795,91,132,,2,6,,1,8/H97,sothede01
42,Pie Traynor,30,PIT,NL,130,597,540,94,192,27,12,4,108,13,3,30,7,.356,.393,.472,.865,111,255,,3,24,,2,*5,traynpi01
43,Lu Blue#,32,SLB,AL,151,714,573,111,168,40,10,6,61,12,6,126,32,.293,.422,.429,.852,117,246,,2,11,,2,*3,bluelu01
44,Earle Combs*,30,NYY,AL,142,666,586,119,202,33,15,3,65,12,7,69,32,.345,.414,.468,.881,132,274,,0,11,,1,*8/H,combsea01
45,Joe Judge*,35,WSH,AL,143,638,543,83,171,35,8,6,71,12,5,73,33,.315,.397,.442,.839,115,240,,1,21,,1,*3/H,judgejo01
46,Willie Kamm,29,CHW,AL,147,619,523,72,140,33,6,3,63,12,5,75,23,.268,.363,.371,.734,91,194,,3,18,,1,*5/H,kammwi01
47,Bill Riggins#,29,NLG,ANL,66,301,244,60,84,15,2,5,60,12,,40,,.344,.444,.484,.928,126,118,,4,13,,,*5/4,riggibi01
48,Turkey Stearnes*,28,DS,NNL,68,304,259,64,101,17,4,16,91,12,,38,,.390,.468,.672,1.140,194,174,,0,7,,,*8,steartu99
49,Clint Thomas,32,TOT,ANL,59,256,223,48,66,10,2,6,43,12,,27,,.296,.375,.439,.814,98,98,,1,5,,,978/2,thomacl03
50,Bill Barrett,29,TOT,AL,114,439,371,57,100,23,4,3,35,11,8,53,38,.270,.365,.377,.743,94,140,,3,12,,1,*98/H57,barrebi02
51,Dick Bartell,21,PIT,NL,143,674,610,101,184,40,13,2,57,11,6,40,29,.302,.347,.420,.766,87,256,,2,22,,0,64/H,bartedi01
52,Goose Goslin*,28,WSH,AL,145,643,553,82,159,28,7,18,91,11,3,66,33,.288,.366,.461,.827,111,255,,2,18,,2,*7/H,gosligo01
53,Willie Gray*,--,NLG,ANL,40,185,153,35,44,9,4,2,17,11,,25,,.288,.394,.438,.832,103,67,,2,5,,,8,graywi01
54,Julius Green?,30,MRS,NNL,72,290,250,35,61,3,0,2,19,11,,33,,.244,.335,.280,.615,62,70,,1,6,,,938/7,greenju02
55,Milt Laurent,27,MRS,NNL,74,285,265,32,61,8,0,2,29,11,,9,,.230,.255,.283,.538,40,75,,0,11,,,456/871,lauremi01
56,Oscar Melillo,29,SLB,AL,141,546,494,57,146,17,10,5,67,11,6,29,30,.296,.337,.401,.738,87,198,,2,19,,2,*4,melilsk01
57,Julio Rojo#,35,NLG,ANL,43,159,135,24,40,8,2,1,25,11,,14,,.296,.362,.407,.770,87,55,,0,10,,,2/31,rojoju01
58,Ray Gardner,27,CLE,AL,82,296,256,28,67,3,2,1,24,10,13,29,16,.262,.337,.301,.638,63,77,,0,11,,0,6/H,gardnra01
59,George Grantham*,29,PIT,NL,110,458,349,85,107,23,10,12,90,10,6,93,38,.307,.454,.533,.987,141,186,,1,14,,5,473/H,grantge01
60,Crush Holloway#,32,HIL,ANL,81,379,333,63,88,16,5,3,21,10,,32,,.264,.334,.369,.704,71,123,,3,11,,,*97/8,hollocr01
61,Don Hurst*,23,PHI,NL,154,692,589,100,179,29,4,31,125,10,9,80,36,.304,.390,.525,.914,119,309,,3,20,,6,*3,hurstdo01
62,Travis Jackson,25,NYG,NL,149,634,551,92,162,21,12,21,94,10,7,64,56,.294,.367,.490,.857,110,270,,0,19,,2,*6,jackstr01
63,Freddy Leach*,31,NYG,NL,113,442,411,74,119,22,6,8,47,10,6,17,14,.290,.324,.431,.755,85,177,,4,10,,2,7H/89,leachfr01
64,Freddie Lindstrom,23,NYG,NL,130,600,549,99,175,23,6,15,91,10,10,30,28,.319,.354,.464,.819,101,255,,0,21,,3,*5/H,lindsfr01
65,Riggs Stephenson,31,CHC,NL,136,582,495,91,179,36,6,17,110,10,5,67,21,.362,.445,.562,1.006,148,278,,7,13,,10,*7/H,stephri01
66,Mule Suttles,28,TOT,NNL,99,417,372,82,127,31,7,18,110,10,,37,,.341,.401,.608,1.009,159,226,,0,8,,,*3/574,suttlmu99
67,Bill Terry*,30,NYG,NL,150,673,607,103,226,39,5,14,117,10,13,48,35,.372,.418,.522,.941,132,317,,0,18,,6,*3/7,terrybi01
68,Frank Warfield,30,BBS,ANL,79,364,308,76,81,8,3,1,30,10,,45,,.263,.362,.318,.681,67,98,,3,8,,,*4/6,warfifr01
69,Sam West*,24,WSH,AL,142,578,510,60,136,16,8,3,75,10,8,45,41,.267,.326,.347,.673,73,177,,0,22,,1,*8/7H,westsa01
70,LgAvg per 600 PA,,,,169,600,529,83,153,27,7,8,76,10,4,50,31,.290,.354,.416,.771,,220,,3,17,,1,,-9999
71,Hughie Critz,28,CIN,NL,107,474,425,55,105,17,9,1,50,9,0,27,21,.247,.292,.336,.629,59,143,,0,22,,1,*4/6,critzhu01
72,Steel Arm Davis*,33,CAG,NNL,70,271,246,39,69,15,6,5,45,9,,17,,.280,.327,.451,.778,101,111,,0,8,,,39/8,davisst04
73,Jake Flowers,27,BRO,NL,46,159,130,16,26,6,0,1,16,9,4,22,6,.200,.316,.269,.585,48,35,,0,7,,0,4/H,floweja01
74,Jimmie Foxx,21,PHA,AL,149,638,517,123,183,23,9,33,118,9,7,103,70,.354,.463,.625,1.088,173,323,,2,16,,5,*3/5,foxxji01
75,Jelly Gardner*,33,CAG,NNL,70,293,245,48,77,10,5,0,27,9,,43,,.314,.417,.396,.813,113,97,,0,5,,,*8/97,gardnje02
76,Cliff Heathcote*,31,CHC,NL,82,258,224,45,70,17,0,2,31,9,5,25,17,.313,.384,.415,.799,98,93,,1,7,,1,9H/8,heathcl01
77,John Kerr,30,CHW,AL,127,477,419,50,108,20,4,1,39,9,8,31,24,.258,.310,.332,.642,67,139,,1,26,,0,*4/H6,kerrjo01
78,Tony Lazzeri,25,NYY,AL,147,639,545,101,193,37,11,18,106,9,10,68,45,.354,.429,.561,.991,160,306,,4,18,,1,*4,lazzeto01
79,Cando López,23,CSW,NNL,43,184,166,22,41,5,3,2,16,9,,16,,.247,.313,.349,.663,72,58,,0,2,,,8,lopezca02
80,Dick Lundy#,30,BBS,ANL,70,294,261,53,92,16,6,4,59,9,,21,,.352,.403,.506,.909,120,132,,1,11,,,*6,lundydi01
81,Heinie Manush*,27,SLB,AL,142,638,574,85,204,45,10,6,81,9,9,43,24,.355,.401,.500,.901,128,287,,1,17,,5,*7/H,manushe01
82,Alex Metzler*,26,CHW,AL,146,658,568,80,156,23,13,2,49,9,5,80,45,.275,.367,.371,.739,92,211,,3,7,,4,*78/H,metzlal01
83,Pinky Ward?,--,MRS,NNL,66,278,222,36,57,8,2,3,18,9,,46,,.257,.384,.351,.736,93,78,,0,10,,,879/4,wardpi02
84,Walter Cannady,27,HG,ANL,49,202,186,47,66,18,4,1,30,8,,10,,.355,.388,.511,.899,117,95,,0,6,,,63/415,cannawa01
85,Oscar Charleston*,32,TOT,ANL,82,360,291,71,106,25,7,7,64,8,,56,,.364,.471,.570,1.042,153,166,,3,10,,,*83/97,charlos99
86,Eggie Dallard*,30,HIL,ANL,68,282,232,50,57,9,4,2,23,8,,40,,.246,.364,.345,.708,73,80,,3,7,,,73/984,dallaeg01
87,Martín Dihigo,24,HIL,ANL,78,336,271,68,90,14,4,18,79,8,,56,,.332,.448,.613,1.061,156,166,,1,8,,,634/15872,dihigma99
88,Taylor Douthit,28,STL,NL,150,709,613,128,206,42,7,9,62,8,6,79,49,.336,.416,.471,.888,117,289,,5,11,,0,*8,douthta01
89,Chuck Dressen,34,CIN,NL,110,458,401,49,98,22,3,1,36,8,11,41,21,.244,.321,.322,.642,63,129,,4,12,,0,5/4H,dressch01
90,Frank Duncan,28,KCM,NNL,45,170,140,26,49,7,4,1,38,8,,20,,.350,.435,.479,.913,138,67,,1,9,,,2/3,duncafr02
91,Jimmy Dykes,32,PHA,AL,119,476,401,76,131,34,6,13,79,8,3,51,25,.327,.412,.539,.950,139,216,,7,17,,2,654/H,dykesji01
92,Horace Ford,31,CIN,NL,148,590,529,68,146,14,6,3,50,8,9,41,25,.276,.329,.342,.671,70,181,,1,19,,0,*64,fordho01
93,Charlie Gelbert,23,STL,NL,146,578,512,60,134,29,8,3,65,8,12,51,46,.262,.329,.367,.696,70,188,,0,15,,1,*6,gelbech01
94,Vic Harris*,24,HG,ANL,66,295,267,50,79,12,6,3,40,8,,24,,.296,.354,.419,.773,88,112,,0,4,,,78,harrivi02
95,Freddie Maguire,30,BSN,NL,138,545,496,54,125,26,8,0,41,8,3,19,40,.252,.284,.337,.620,56,167,,3,26,,0,*4/6,maguifr01
96,George McAllister*,30,BBB,NNL,80,339,285,51,86,11,2,3,34,8,,34,,.302,.378,.386,.764,100,110,,1,19,,,379/4856,mcallge01
97,Clarke Pittenger,30,CIN,NL,77,227,210,31,62,11,0,0,27,8,6,5,4,.295,.318,.348,.666,68,73,,2,10,,0,6H/54,pittipi01
98,Andy Reese,25,NYG,NL,58,230,209,36,55,11,3,0,21,8,2,15,19,.263,.316,.344,.660,64,72,,1,5,,0,4/75H8,reesera01
99,Bobby Robinson,25,DS,NNL,68,308,283,63,86,12,6,4,25,8,,20,,.304,.350,.431,.781,102,122,,0,5,,,*6/5,robinbo01
100,George Scales,28,TOT,ANL,66,289,237,59,90,25,3,8,73,8,,41,,.380,.484,.612,1.096,165,145,,7,4,,,*4,scalege01
101,Fred Schulte,28,SLB,AL,121,520,446,63,137,24,5,3,71,8,3,59,44,.307,.389,.404,.793,102,180,,1,14,,2,*8/H,schulfr02
102,Clyde Sukeforth*,27,CIN,NL,84,262,237,31,84,16,2,1,33,8,4,17,6,.354,.398,.451,.849,114,107,,0,8,,2,2H,sukefcl01
103,Tom Young*,26,KCM,NNL,44,152,137,37,51,10,4,5,37,8,,10,,.372,.415,.613,1.028,164,84,,0,5,,,2,youngto01
104,Rogelio Alonso,23,CSW,NNL,42,178,165,21,43,4,2,1,16,7,,9,,.261,.299,.327,.626,63,54,,0,4,,,7/19,alonsro01
105,Dave Bancroft#,38,BRO,NL,104,403,358,35,99,11,3,1,44,7,1,29,11,.277,.331,.332,.663,66,119,,0,16,,0,6/H,bancrda01
106,Mickey Cochrane*,26,PHA,AL,135,606,514,113,170,37,8,7,95,7,7,69,8,.331,.412,.475,.887,124,244,,2,21,,0,*2/H,cochrmi01
107,Chick Fullis,28,NYG,NL,86,311,274,67,79,11,1,7,29,7,5,30,26,.288,.365,.412,.777,92,113,,3,4,,1,87H/9,fullich01
108,Wally Gilbert,28,BRO,NL,143,641,569,88,173,31,4,3,58,7,11,42,29,.304,.359,.388,.748,87,221,,7,23,,1,*5/H,gilbewa01
109,Chick Hafey,26,STL,NL,134,574,517,101,175,47,9,29,125,7,3,45,42,.338,.394,.632,1.026,147,327,,2,8,,5,*7/H,hafeych01
110,Andy High*,31,STL,NL,146,659,603,95,178,32,4,10,63,7,4,38,18,.295,.340,.411,.751,83,248,,3,15,,1,*54/H,highan01
111,Fats Jenkins*,31,AC,ANL,56,254,223,57,84,11,4,1,28,7,,28,,.377,.446,.475,.922,125,106,,0,3,,,*7/98,jenkifa01
112,Newt Joseph,32,KCM,NNL,69,272,226,37,65,7,2,4,40,7,,32,,.288,.378,.389,.768,100,88,,1,13,,,*5,josepne01
113,George Kelly,33,CIN,NL,147,632,577,73,169,45,9,5,103,7,5,33,61,.293,.332,.428,.760,91,247,,1,21,,1,*3,kellyge01
114,Babe Melton,--,TOT,ANL,37,165,142,38,48,11,4,6,23,7,,17,,.338,.416,.599,1.015,145,85,,2,4,,,8/3749,meltoba01
115,Ernie Orsatti*,26,STL,NL,113,389,346,64,115,21,7,3,39,7,5,33,43,.332,.394,.460,.853,108,159,,2,8,,3,9H3/78,orsater01
116,Bobby Reeves,25,BOS,AL,140,536,460,66,114,19,2,2,28,7,8,60,57,.248,.343,.311,.654,72,143,,7,8,,0,*5/H463,reevebo01
117,Bill Regan,30,BOS,AL,104,406,371,38,107,27,7,1,54,7,5,22,38,.288,.328,.407,.735,91,151,,0,13,,1,45/H3,reganbi01
118,Lance Richbourg*,31,BSN,NL,139,617,557,76,170,24,13,3,56,7,11,42,26,.305,.355,.411,.766,93,229,,1,16,,5,*9/H7,richbla01
119,Pinky Whitney,24,PHI,NL,154,697,612,89,200,43,14,8,115,7,8,61,35,.327,.390,.482,.872,110,295,,2,22,,2,*5,whitnpi01
120,Ossie Bluege,28,WSH,AL,64,246,220,35,65,6,0,5,31,6,4,19,15,.295,.354,.391,.745,91,86,,1,6,,1,546/H,bluegos01
121,Armando Celada?,28,CSW,NNL,36,128,118,10,24,7,0,0,7,6,,8,,.203,.254,.263,.517,35,31,,0,2,,,65/4931,celadar01
122,Earl Clark,21,BSN,NL,84,303,279,43,88,13,3,1,30,6,2,12,30,.315,.346,.394,.740,87,110,,1,11,,0,8H/79,clarkea01
123,Johnny Frederick*,27,BRO,NL,148,682,628,127,206,52,6,24,75,6,8,39,34,.328,.372,.545,.917,126,342,,5,10,,1,*8/H,fredejo01
124,Sammy Hale,32,PHA,AL,101,416,379,51,105,14,3,1,40,6,2,12,18,.277,.303,.338,.641,62,128,,2,23,,1,5/H4,halesa01
125,Clarence Hoffman,25,CHW,AL,107,369,337,27,87,16,5,3,37,6,3,24,28,.258,.307,.362,.669,73,122,,0,7,,0,8H79,hoffmdu01
126,Johnny Jones,29,DS,NNL,68,321,292,51,94,14,5,11,50,6,,27,,.322,.379,.517,.896,131,151,,0,2,,,*9,jonesjo03
127,L.D. Livingston?,24,KCM,NNL,74,301,255,51,70,9,12,5,50,6,,32,,.275,.355,.463,.818,112,118,,0,14,,,*7/9,livinld01
128,Biz Mackey#,31,HIL,ANL,52,220,186,35,67,12,3,2,38,6,,30,,.360,.449,.489,.938,128,91,,0,4,,,*2/564,mackebi99
129,Mel Ott*,20,NYG,NL,150,675,545,138,179,37,2,42,151,6,13,113,38,.328,.449,.635,1.084,165,346,,6,10,,3,*9/48H,ottme01
130,Harry Rice*,27,DET,AL,130,613,536,97,163,33,7,6,69,6,11,61,23,.304,.379,.425,.805,107,228,,4,12,,2,*8/59H,riceha01
131,Edd Roush*,36,NYG,NL,115,509,450,76,146,19,7,8,52,6,7,45,16,.324,.390,.451,.841,108,203,,3,11,,1,*8/H,roushed01
132,Joe Sewell*,30,CLE,AL,152,672,578,90,182,38,3,7,73,6,6,48,4,.315,.372,.427,.800,103,247,,5,41,,2,*5,seweljo01
133,Luke Sewell,28,CLE,AL,124,457,406,41,96,16,3,1,39,6,6,29,26,.236,.287,.298,.585,49,121,,0,22,,1,*2,sewellu01
134,Earl Sheely,36,PIT,NL,139,585,485,63,142,22,4,6,88,6,6,75,24,.293,.392,.392,.784,93,190,,4,21,,5,*3/H,sheelea01
135,George Sisler*,36,BSN,NL,154,686,629,67,205,40,8,2,79,6,7,33,17,.326,.363,.424,.788,99,267,,4,20,,0,*3,sislege01
136,Phil Todt*,27,BOS,AL,153,592,534,49,140,38,10,4,64,6,7,31,28,.262,.305,.393,.698,81,210,,2,25,,3,*3,todtph01
137,Lloyd Waner*,23,PIT,NL,151,726,662,134,234,28,20,5,74,6,8,37,20,.353,.395,.479,.874,113,317,,9,18,,1,*8,wanerll01
138,Johnny Watwood*,23,CHW,AL,85,308,278,33,84,12,6,2,28,6,3,22,21,.302,.355,.410,.766,98,114,,1,7,,0,89/H7,watwojo01
139,Dale Alexander,26,DET,AL,155,701,626,110,215,43,15,25,137,5,9,56,63,.343,.397,.580,.977,148,363,,0,18,,2,*3,alexada01
140,Moe Berg,27,CHW,AL,107,384,352,32,101,7,0,0,47,5,1,17,16,.287,.323,.307,.630,64,108,,2,12,,3,*2/H,bergmo01
141,Joe Cronin,22,WSH,AL,145,601,494,72,139,29,8,8,61,5,9,85,37,.281,.388,.421,.809,107,208,,1,21,,2,*6/H4,cronijo01
142,Eddie Dwight,24,KCM,NNL,11,37,33,8,10,0,1,1,7,5,,2,,.303,.343,.455,.797,106,15,,0,2,,,8,dwighed01
143,George Harper*,37,BSN,NL,136,538,457,65,133,25,5,10,68,5,6,69,27,.291,.389,.433,.822,108,198,,4,8,,4,*79H/8,harpege02
144,Harry Heilmann,34,DET,AL,125,519,453,86,156,41,7,15,120,5,6,50,39,.344,.412,.565,.977,149,256,,2,14,,2,*9H/3,heilmha01
145,Bill Hunnefield#,30,CHW,AL,47,135,127,13,23,5,0,0,9,5,2,7,3,.181,.224,.220,.444,16,28,,0,1,,0,4H/56,hunnebi01
146,Chuck Klein*,24,PHI,NL,149,679,616,126,219,45,6,43,145,5,8,54,61,.356,.407,.657,1.065,153,405,,0,9,,2,*98,kleinch01
147,Red Kress,24,SLB,AL,147,628,557,82,170,38,4,9,107,5,8,52,54,.305,.366,.436,.802,103,243,,1,17,,0,*6/H,kressre01
148,Frank McGowan*,27,SLB,AL,125,525,441,62,112,26,6,2,51,5,2,61,34,.254,.346,.354,.700,78,156,,1,21,,1,*98/H,mcgowbe01
149,Geechie Meredith,29,BBB,NNL,80,355,306,63,86,13,4,5,38,5,,37,,.281,.359,.399,.757,97,122,,0,12,,,*4/692738,meredge01
150,Wilson Redus,24,SLS,NNL,95,404,357,65,107,21,3,9,69,5,,36,,.300,.365,.451,.816,112,161,,1,10,,,*79/8,reduswi01
151,Branch Russell*,33,SLS,NNL,91,406,324,83,102,16,10,2,52,5,,63,,.315,.428,.444,.872,128,144,,1,18,,,*9/547,russebr01
152,Babe Ruth*,34,NYY,AL,135,587,499,121,172,26,6,46,154,5,3,72,60,.345,.430,.697,1.128,193,348,,3,13,,5,*97/H,ruthba01
153,Sandy Thompson*,34,CAG,NNL,69,274,246,27,72,10,0,0,26,5,,14,,.293,.331,.333,.664,74,82,,0,14,,,*7/9,thompsa02
154,Chaney White,35,TOT,ANL,70,309,278,50,98,16,10,4,57,5,,17,,.353,.406,.525,.931,125,146,,8,6,,,*8/9,whitech03
155,Charley Williams?,32,CAG,NNL,73,287,266,20,73,6,3,0,24,5,,13,,.274,.308,.320,.628,64,85,,0,8,,,456,willich02
156,Bill Yancey,27,NLG,ANL,66,276,240,34,60,12,2,1,29,5,,27,,.250,.326,.329,.655,60,79,,0,9,,,*6,yancebi01
157,Les Bell,27,BSN,NL,139,553,483,58,144,23,5,9,72,4,4,50,42,.298,.364,.422,.786,98,204,,0,20,,1,*5H/46,bellle01
158,Rube Bressler,34,BRO,NL,136,539,456,72,145,22,8,9,77,4,3,67,27,.318,.406,.461,.867,116,210,,1,15,,3,*7H,bressru01
159,Jim Brown#,37,CAG,NNL,48,168,149,19,37,7,2,2,21,4,,11,,.248,.300,.362,.662,72,54,,0,8,,,3/9254876,brownji04
160,Anthony Cooper,24,TOT,NNL,41,148,139,17,39,3,1,1,15,4,,3,,.281,.296,.338,.634,65,47,,0,6,,,6/9872,coopean01
161,Francisco Correa,24,CSE,ANL,53,230,211,30,61,15,3,2,42,4,,14,,.289,.336,.417,.753,83,88,,1,4,,,6/7594,correfr01
162,Saul Davis,28,CAG,NNL,44,164,149,23,34,3,2,1,16,4,,12,,.228,.286,.295,.581,52,44,,0,3,,,4/6579,davissa01
163,Bingo DeMoss,39,DS,NNL,13,54,51,5,16,1,0,0,8,4,,2,,.314,.340,.333,.673,76,17,,0,1,,,4,demosbi01
164,Bill Dickey*,22,NYY,AL,130,474,447,60,145,30,6,10,65,4,6,14,16,.324,.346,.485,.832,117,217,,1,11,,4,*2H,dickebi01
165,Mack Eggleston#,32,AC,ANL,60,225,187,21,45,4,1,4,23,4,,29,,.241,.346,.337,.683,67,63,,1,8,,,25/9437,egglema01
166,Bibb Falk*,30,CLE,AL,125,489,426,65,133,30,7,13,93,4,4,42,14,.312,.374,.507,.881,122,216,,0,20,,1,*97H,falkbi01
167,Lou Gehrig*,26,NYY,AL,154,694,553,127,166,32,10,35,125,4,3,122,68,.300,.431,.584,1.015,166,323,,5,12,,9,*3,gehrilo01
168,Johnny Gooch#,31,TOT,NL,93,314,288,22,86,13,5,0,34,4,0,24,10,.299,.355,.378,.733,86,109,,1,1,,2,2/H,goochjo01
169,Jackie Hayes,22,WSH,AL,123,468,424,52,117,20,3,2,57,4,5,24,29,.276,.316,.351,.668,71,149,,1,19,,2,54/H6,hayesja02
170,Bienvenido Jiménez,39,CSW,NNL,41,163,141,21,40,6,3,0,10,4,,16,,.284,.357,.369,.725,89,52,,0,6,,,4,jimenbi01
171,Lyn Lary,23,NYY,AL,80,269,236,48,73,9,2,5,26,4,1,24,15,.309,.380,.428,.808,113,101,,3,5,,0,56H/4,laryly01
172,Joe Lewis,34,HIL,ANL,36,138,123,17,31,7,1,0,30,4,,10,,.252,.308,.325,.633,54,40,,0,5,,,2,lewisjo02
173,Oliver Marcell,34,BBS,ANL,74,298,266,37,79,11,3,0,39,4,,25,,.297,.362,.361,.723,77,96,,2,5,,,*5,marceol01
174,Ed Morgan,25,CLE,AL,93,360,318,60,101,19,10,3,37,4,3,37,24,.318,.392,.469,.861,118,149,,2,3,,0,9H/7,morgaed01
175,Bill Narleski,29,BOS,AL,96,292,260,30,72,16,1,0,25,4,4,21,22,.277,.333,.346,.679,77,90,,1,9,,1,64H/5,narlebi01
176,Hal Rhyne,30,BOS,AL,120,388,346,41,87,24,5,0,38,4,1,25,14,.251,.309,.350,.659,71,121,,4,12,,1,*6/H59,rhyneha01
177,Gene Robertson*,29,TOT,MLB,98,378,337,46,100,15,6,0,41,4,5,29,6,.297,.354,.377,.731,92,127,,1,11,,0,5H/6,roberge01
178,Ray Sheppard?,26,BBB,NNL,31,130,116,14,39,9,3,0,15,4,,9,,.336,.384,.466,.850,120,54,,0,5,,,6/5,sheppra01
179,Art Shires*,22,CHW,AL,100,393,353,41,110,20,7,3,41,4,5,32,20,.312,.370,.433,.804,108,153,,1,6,,2,3H/4,shirear01
180,Al Simmons,27,PHA,AL,143,629,581,114,212,41,9,34,157,4,3,31,38,.365,.398,.642,1.040,159,373,,1,16,,8,*7/H,simmoal01
181,Pete Washington,26,BBS,ANL,77,320,273,48,86,9,4,10,55,4,,29,,.315,.389,.487,.876,112,133,,4,14,,,*87/9,washipe01
182,Jimmy Welsh*,26,TOT,NL,91,362,315,49,86,15,7,4,24,4,3,22,12,.273,.342,.403,.745,86,127,,11,14,,2,87/H9,welshji01
183,Jimmie Wilson,28,STL,NL,120,449,394,59,128,27,8,4,71,4,4,43,19,.325,.394,.464,.859,109,183,,2,10,,6,*2H,wilsoji01
184,Billy Zitzmann,33,CIN,NL,47,96,84,18,19,3,0,0,6,4,0,9,10,.226,.309,.262,.570,46,22,,1,2,,1,H7/93,zitzmbi01
185,Sparky Adams,34,PIT,NL,74,217,196,37,51,8,1,0,11,3,2,15,5,.260,.316,.311,.627,54,61,,1,5,,1,64H5/7,adamssp01
186,Bob Barrett,30,BOS,AL,68,140,126,15,34,10,0,0,19,3,1,10,6,.270,.324,.349,.673,75,44,,0,4,,1,H5/347,barrebo01
187,Clyde Beck,29,CHC,NL,54,213,190,28,40,7,0,0,9,3,1,19,24,.211,.282,.247,.530,33,47,,0,4,,0,56/H,beckcl01
188,Agustín Bejerano*,20,CSE,ANL,29,129,121,21,41,5,1,1,20,3,,6,,.339,.375,.421,.796,94,51,,1,1,,,8/7,bejerag01
189,Jim Bottomley*,29,STL,NL,146,648,560,108,176,31,12,29,137,3,2,70,54,.314,.391,.568,.959,132,318,,1,17,,2,*3/H,bottoji01
190,Chet Brewer#,22,KCM,NNL,23,61,54,4,18,1,1,0,3,3,,3,,.333,.368,.389,.757,98,21,,0,4,,,1/3,brewech02
191,Fred Brickell*,22,PIT,NL,60,127,118,13,37,4,2,0,17,3,1,7,12,.314,.352,.381,.733,80,45,,0,2,,1,H79,brickfr01
192,Buddy Burbage*,22,BBS,ANL,34,156,134,29,39,7,2,0,15,3,,15,,.291,.367,.373,.740,81,50,,1,6,,,79,burbabu01
193,George Carr#,34,TOT,ANL,23,97,84,18,30,4,0,0,12,3,,12,,.357,.443,.405,.848,108,34,,1,0,,,3/5,carrge01
194,Bud Clancy*,28,CHW,AL,92,319,290,36,82,14,6,3,45,3,1,16,19,.283,.320,.403,.724,87,117,,0,12,,2,3H,clancbu01
195,Stu Clarke,23,PIT,NL,57,205,178,20,47,5,7,2,21,3,1,19,21,.264,.338,.404,.743,81,72,,1,7,,0,65/4,clarkst01
196,Andy Cohen,24,NYG,NL,101,367,347,40,102,12,2,5,47,3,9,11,15,.294,.319,.383,.703,73,133,,2,7,,1,4/H56,cohenan01
197,Dewey Creacy,29,SLS,NNL,95,396,353,61,91,9,1,7,60,3,,34,,.258,.326,.348,.675,76,123,,2,7,,,*54,creacde01
198,Leo Durocher,23,NYY,AL,106,385,341,53,84,4,5,0,32,3,1,34,33,.246,.320,.287,.607,62,98,,3,7,,0,64/H,durocle01
199,Cedric Durst*,32,NYY,AL,92,223,202,32,52,3,3,4,31,3,2,15,25,.257,.309,.361,.670,76,73,,0,5,,0,7H9/83,durstce01
200,Buck Ewing*,26,HG,ANL,63,243,216,38,66,12,5,2,34,3,,21,,.306,.367,.435,.802,95,94,,0,6,,,*2/39,ewingbu02
201,Ira Flagstead,35,TOT,MLB,58,145,125,22,32,5,1,0,18,3,3,13,8,.256,.326,.312,.638,62,39,,0,7,,1,H78/9,flagsir01
202,Bob Fothergill,31,DET,AL,115,293,277,41,98,24,9,6,62,3,1,11,11,.354,.378,.570,.949,141,158,,0,5,,0,H79,fothebo01
203,Dennis Graham*,33,HG,ANL,49,207,191,32,61,5,1,1,24,3,,13,,.319,.363,.372,.734,79,71,,0,3,,,*9,grahade01
204,Charlie Grimm*,30,CHC,NL,120,517,463,66,138,28,3,10,91,3,2,42,25,.298,.358,.436,.794,96,202,,1,10,,4,*3,grimmch01
205,Mo Harris?,31,HG,ANL,45,162,147,17,32,8,1,1,19,3,,10,,.218,.268,.306,.574,39,45,,0,5,,,4/89,harrimo02
206,Johnny Hodapp,23,CLE,AL,90,316,294,30,96,12,7,4,51,3,3,15,14,.327,.361,.456,.817,106,134,,1,6,,2,4H,hodapjo01
207,Bernie James#,23,BSN,NL,46,113,101,12,31,3,2,0,9,3,3,9,13,.307,.369,.376,.746,89,38,,1,2,,1,4H/8,jamesbe02
208,Claude Johnson,35,DS,NNL,68,291,252,50,70,8,3,6,37,3,,27,,.278,.348,.405,.752,95,102,,0,12,,,*5/46,johnscl02
209,Wade Johnston*,31,DS,NNL,68,293,249,50,89,13,4,16,64,3,,31,,.357,.429,.635,1.063,173,158,,0,13,,,*7,johnswa04
210,Tony Kaufmann,28,NYG,NL,39,40,32,18,1,0,0,0,1,3,2,6,4,.031,.184,.031,.215,-43,1,,0,2,,0,H/897,kaufmto01
211,Kid Lowe?,28,MRS,NNL,54,219,202,17,56,6,2,1,20,3,,11,,.277,.321,.342,.663,73,69,,2,4,,,*5/9,loweki01
212,Eddie Moore,30,BRO,NL,111,463,402,48,119,18,6,0,48,3,8,44,16,.296,.370,.371,.740,86,149,,3,14,,2,46/95H,mooreed01
213,Bob O'Farrell,32,NYG,NL,91,283,248,35,76,14,3,4,42,3,2,28,30,.306,.384,.435,.819,103,108,,3,3,,2,2H,o'farbo01
214,Clarence Palm,21,SLS,NNL,65,219,201,36,67,13,3,16,62,3,,12,,.333,.371,.667,1.038,165,134,,0,6,,,*2,palmcl01
215,Val Picinich,32,BRO,NL,93,315,273,28,71,16,6,4,31,3,3,34,24,.260,.342,.407,.749,86,111,,0,8,,2,2H,picinva01
216,Dick Porter*,27,CLE,AL,71,214,192,26,63,16,5,1,24,3,5,17,14,.328,.386,.479,.865,119,92,,1,4,,1,H94/7,portedi01
217,Ted Radcliffe,26,TOT,NNL,33,138,128,24,40,8,2,3,23,3,,9,,.313,.358,.477,.834,115,61,,0,1,,,2/19,radclte01
218,Ambrose Reid?,30,AC,ANL,53,194,175,30,52,8,1,2,26,3,,15,,.297,.356,.389,.745,81,68,,1,3,,,34/9576,reidam01
219,José Roque?,20,CSW,NNL,43,166,150,17,38,7,3,3,19,3,,13,,.253,.313,.400,.713,84,60,,0,3,,,9/571,roquejo02
220,Jimsey Roussell,28,BBB,NNL,46,178,159,28,40,5,1,2,24,3,,9,,.252,.292,.333,.625,62,53,,0,10,,,8,roussji01
221,Heinie Schuble,22,DET,AL,92,283,258,35,60,11,7,2,28,3,2,19,23,.233,.288,.353,.640,64,91,,1,5,,0,6/H5,schubhe01
222,Tommy Thevenow,25,PHI,NL,90,355,317,30,72,11,0,0,35,3,2,25,25,.227,.288,.262,.550,34,83,,2,11,,0,6,theveto01
223,Tetelo Vargas,23,CSE,ANL,25,117,103,28,39,8,2,2,20,3,,12,,.379,.448,.553,1.002,143,57,,1,1,,,6/8954,vargate01
224,Jack Warner,25,BRO,NL,17,71,62,3,17,2,0,0,4,3,0,7,6,.274,.348,.306,.654,65,19,,0,2,,0,6,warneja01
225,Henry Williams,34,SLS,NNL,67,218,198,30,63,22,3,4,38,3,,15,,.318,.369,.520,.889,129,103,,1,4,,,2/3459,willihe01
226,Hack Wilson,29,CHC,NL,150,670,574,135,198,30,5,39,159,3,6,78,83,.345,.425,.618,1.044,155,355,,2,16,,2,*8,wilsoha01
227,Bill Akers,24,DET,AL,24,98,83,15,22,4,1,1,9,2,0,10,9,.265,.351,.373,.725,87,31,,1,4,,0,6,akersbi01
228,Ángel Alfonso,28,CSE,ANL,53,239,203,35,65,17,2,1,34,2,,31,,.320,.420,.438,.859,109,89,,4,1,,,45,alfonan02
229,Red Barron,29,BSN,NL,10,22,21,3,4,1,0,0,1,2,0,1,4,.190,.227,.238,.465,18,5,,0,0,,0,/7H,barrore01
230,John Beckwith,29,TOT,ANL,56,232,207,57,80,17,2,14,60,2,,22,,.386,.448,.691,1.139,174,143,,1,2,,,53/627,beckwjo02
231,Charlie Berry,26,BOS,AL,77,229,207,19,50,11,4,1,21,2,6,15,29,.242,.302,.348,.650,69,72,,3,4,,0,2/H,berrych02
232,Leo Birdine?,34,BBB,NNL,58,194,182,19,49,6,3,2,10,2,,4,,.269,.289,.368,.657,70,67,,1,7,,,197/8,birdile01
233,Del Bissonette*,29,BRO,NL,116,484,431,68,121,28,10,12,75,2,5,46,58,.281,.351,.476,.827,105,205,,1,6,,4,*3/H,bissode01
234,Buzz Boyle*,21,BSN,NL,17,66,57,8,15,2,1,1,2,2,1,6,11,.263,.333,.386,.719,81,22,,0,3,,0,7/H8,boylebu01
235,Larry Brown#,27,TOT,NNL,78,324,263,39,75,14,5,3,47,2,,48,,.285,.395,.411,.806,110,108,,0,13,,,*2,brownla02
236,Bob Clarke,26,BBS,ANL,72,254,229,34,61,11,1,0,23,2,,13,,.266,.311,.323,.635,55,74,,2,10,,,*2/39,clarkbo05
237,Phil Cockrell,34,HIL,ANL,27,70,58,13,17,2,1,0,8,2,,7,,.293,.369,.362,.731,79,21,,0,5,,,1/9,cockrph01
238,Aurelio Cortés,25,CSW,NNL,43,170,155,17,34,6,0,1,16,2,,11,,.219,.271,.277,.549,43,43,,0,4,,,23,corteau01
239,Buck Crouse*,32,CHW,AL,45,119,107,11,29,7,0,2,12,2,0,5,7,.271,.316,.393,.708,83,42,,2,3,,1,2/H,crousbu01
240,Homer Curry*,24,MRS,NNL,25,83,75,9,21,2,2,3,16,2,,4,,.280,.316,.480,.796,105,36,,0,4,,,1/7934,currygo01
241,Porter Dallas,25,BBB,NNL,42,157,148,10,44,5,1,0,12,2,,7,,.297,.329,.345,.674,76,51,,0,2,,,5,dallapo01
242,Lou Dials*,25,MRS,NNL,34,123,108,11,23,6,1,2,15,2,,13,,.213,.298,.343,.640,66,37,,0,2,,,8/479,dialslo01
243,Doc Farrell,27,TOT,NL,68,200,186,18,39,6,0,0,18,2,0,9,18,.210,.246,.242,.488,22,45,,0,5,,0,54H/6,farredo01
244,Pinky Hargrave#,33,DET,AL,76,210,185,26,61,12,0,3,26,2,2,20,24,.330,.401,.443,.844,117,82,,2,3,,3,2H,hargrpi01
245,Rogers Hornsby,33,CHC,NL,156,712,602,156,229,47,8,39,149,2,0,87,65,.380,.459,.679,1.139,178,409,,1,22,,5,*4,hornsro01
246,Jesse Hubbard*,33,BBS,ANL,31,132,107,33,37,7,5,2,24,2,,17,,.346,.453,.561,1.014,146,60,,4,4,,,9/71,hubbaje01
247,Robert Hudspeth*,35,TOT,ANL,46,187,162,24,53,12,1,5,39,2,,18,,.327,.398,.506,.904,119,82,,1,6,,,*3,hudspro01
248,Sanford Jackson,29,TOT,MLB,63,243,212,36,58,3,4,1,23,2,,20,,.274,.336,.340,.676,69,72,,0,11,,,85/6794,jackssa02
249,Charlie Jamieson*,36,CLE,AL,102,423,364,56,106,22,1,0,26,2,13,50,12,.291,.378,.357,.735,88,130,,1,7,,0,7/H,jamiech01
250,Lou Legett,28,BSN,NL,39,84,81,7,13,2,0,0,6,2,0,3,18,.160,.190,.185,.376,-4,15,,0,0,,0,2H,legetlo01
251,John Henry Lloyd*,45,NLG,ANL,59,245,219,43,80,16,5,3,54,2,,19,,.365,.416,.525,.941,128,115,,0,7,,,*3,lloydjo99
252,Leroy Matlock*,22,SLS,NNL,21,39,34,8,9,4,0,1,5,2,,2,,.265,.306,.471,.776,99,16,,0,3,,,1/37,matlole01
253,Earl McNeely,31,SLB,AL,69,255,230,27,56,8,1,1,18,2,1,7,13,.243,.272,.300,.572,45,69,,2,15,,0,97/H8,mcneeea01
254,Bob Meusel,32,NYY,AL,100,414,391,46,102,15,3,10,57,2,5,17,42,.261,.292,.391,.683,79,153,,0,5,,0,79/H,meusebo01
255,Eddie Miller?,28,TOT,MLB,38,142,126,17,32,2,4,0,13,2,,8,,.254,.299,.333,.632,58,42,,0,8,,,6/4135,milleed05
256,Jake Miller*,31,CLE,AL,29,82,75,6,15,1,0,0,3,2,0,0,10,.200,.200,.213,.413,5,16,,0,7,,0,1,milleja02
257,Heinie Mueller*,29,BSN,NL,46,109,93,10,19,2,1,0,11,2,1,12,12,.204,.302,.247,.549,41,23,,1,3,,0,H89/7,muellhe01
258,Millito Navarro,23,CSE,ANL,25,109,101,16,32,4,2,0,15,2,,4,,.317,.343,.396,.739,80,40,,0,4,,,4/9,navarmi01
259,Lefty O'Doul*,32,PHI,NL,154,732,638,152,254,35,6,32,122,2,6,76,19,.398,.465,.622,1.087,161,397,,4,13,,1,*79,o'doule01
260,Grady Orange?,29,DS,NNL,52,206,185,37,53,7,3,6,24,2,,8,,.286,.316,.454,.770,98,84,,0,13,,,4/65,oranggr01
261,Pid Purdy*,25,CIN,NL,82,208,181,22,49,7,5,1,16,2,3,19,8,.271,.350,.381,.731,85,69,,3,5,,1,H7/98,purdypi01
262,Ed Rile*,29,TOT,NNL,71,308,261,53,75,13,3,9,47,2,,37,,.287,.380,.464,.844,119,121,,2,8,,,*3/41,rileed01
263,Nat Rogers*,35,MRS,NNL,53,207,185,27,52,6,1,2,35,2,,17,,.281,.345,.357,.702,83,66,,1,4,,,79,rogerna01
264,John Henry Russell,31,SLS,NNL,84,308,289,46,81,7,2,1,43,2,,16,,.280,.318,.329,.647,69,95,,0,3,,,*4/6,russejo03
265,Merv Shea,28,DET,AL,50,182,162,23,47,6,0,3,24,2,1,19,18,.290,.365,.383,.747,93,62,,0,1,,0,2/H,sheame01
266,Felipe Sierra,27,CSW,NNL,37,156,138,15,36,6,1,0,22,2,,15,,.261,.333,.319,.652,71,44,,0,3,,,63,sierrfe01
267,Charlie Spearman#,37,NLG,ANL,44,149,123,17,37,6,1,3,27,2,,15,,.301,.386,.439,.825,100,54,,2,9,,,2,spearch01
268,Joe Stripp,26,CIN,NL,64,218,187,24,40,3,2,3,20,2,3,24,15,.214,.313,.299,.613,56,56,,3,4,,1,5/H4,stripjo01
269,Bennie Tate*,27,WSH,AL,81,289,265,26,78,12,3,0,30,2,6,16,8,.294,.335,.362,.697,79,96,,0,8,,1,2/H,tatebe01
270,Dave Thomas*,24,BBB,NNL,80,324,283,46,76,13,5,6,42,2,,26,,.269,.332,.413,.746,93,117,,1,14,,,37/981,thomada03
271,Cool Turner,27,HG,ANL,45,169,149,20,41,5,3,1,18,2,,18,,.275,.353,.369,.722,76,55,,0,2,,,5/64,turneco01
272,Charles Wesley,32,TOT,NNL,34,104,98,8,20,0,2,0,7,2,,3,,.204,.228,.245,.473,23,24,,0,3,,,4/6539,weslech01
273,John Williams?,24,SLS,NNL,59,173,160,20,39,7,5,1,15,2,,9,,.244,.284,.369,.653,69,59,,0,4,,,17/92,willijo04
274,Nip Winters*,30,TOT,ANL,49,158,141,17,39,7,3,0,24,2,,13,,.277,.338,.369,.706,72,52,,0,4,,,31,winteni01
275,Grady Adkins,32,CHW,AL,37,52,46,6,11,3,2,0,1,1,0,4,10,.239,.300,.391,.691,78,18,,0,1,,0,1/H,adkingr01
276,Red Badgro*,26,SLB,AL,54,168,148,27,42,12,0,1,18,1,0,11,15,.284,.342,.385,.727,84,57,,2,7,,0,9H,badgrre01
277,Red Barnes*,25,WSH,AL,72,143,130,16,26,5,2,1,15,1,0,13,12,.200,.273,.292,.565,45,38,,0,0,,0,H8/79,barnere01
278,Bernardo Baró*,33,CSE,ANL,47,191,171,15,48,7,1,0,18,1,,14,,.281,.339,.333,.672,64,57,,1,5,,,9/7,barobe01
279,Jute Bell,29,BBB,NNL,23,71,66,6,12,1,0,0,5,1,,2,,.182,.206,.197,.403,6,13,,0,3,,,1/79,bellju02
280,Elliot Bigelow*,31,BOS,AL,100,241,211,23,60,16,0,1,26,1,4,23,18,.284,.357,.374,.732,91,79,,1,5,,2,9H/78,bigelel01
281,Max Bishop*,29,PHA,AL,129,617,475,102,110,19,6,3,36,1,4,128,44,.232,.398,.316,.713,83,150,,3,10,,0,*4,bishoma01
282,Clarence Blair*,28,CHC,NL,26,77,72,10,23,5,0,1,8,1,1,3,4,.319,.347,.431,.777,91,31,,0,2,,0,H/534,blairfo01
283,Joe Boley,32,PHA,AL,91,336,303,36,76,17,6,2,47,1,0,24,16,.251,.310,.366,.676,71,111,,2,7,,3,6/H5,boleyjo01
284,Lloyd Brown*,24,WSH,AL,40,62,50,8,11,1,1,0,4,1,0,9,13,.220,.350,.280,.630,63,14,,1,2,,0,1,brownll01
285,George Burns,36,TOT,AL,38,61,58,5,13,5,0,1,11,1,0,2,7,.224,.250,.362,.612,54,21,,0,1,,0,H3,burnsge02
286,Guy Bush,27,CHC,NL,50,104,91,5,15,0,0,0,3,1,0,3,19,.165,.191,.165,.356,-11,15,,0,10,,0,1,bushgu01
287,Samuel Byrd,21,NYY,AL,62,202,170,32,53,12,0,5,28,1,4,28,18,.312,.409,.471,.880,132,80,,0,4,,0,98H/7,byrdsa01
288,Johnny Cooney,28,BSN,NL,41,76,72,10,23,4,1,0,6,1,0,3,3,.319,.355,.403,.758,91,29,,1,0,,0,1H8/79,coonejo01
289,Army Cooper*,29,KCM,NNL,27,61,52,8,12,0,1,0,5,1,,5,,.231,.298,.269,.567,49,14,,0,4,,,1,coopear01
290,Willie Cornelius,22,MRS,NNL,9,30,25,4,7,0,0,0,3,1,,4,,.280,.379,.280,.659,75,7,,0,1,,,/1749,cornewi01
291,Pat Crawford*,27,NYG,NL,65,76,57,13,17,3,0,3,24,1,0,11,5,.298,.412,.509,.921,127,29,,0,7,,2,H/35,crawfpa01
292,Albert Davis?,--,DS,NNL,26,74,68,6,19,2,0,1,5,1,,3,,.279,.310,.353,.663,72,24,,0,3,,,1,davisal02
293,Virgil Davis,24,PHI,NL,98,289,263,31,90,18,0,7,48,1,0,19,17,.342,.391,.490,.881,112,129,,2,5,,3,2H,davissp01
294,Hank DeBerry,34,BRO,NL,68,234,210,13,55,11,1,1,25,1,0,17,15,.262,.317,.338,.655,64,71,,0,7,,3,2/H,deberha01
295,Pete Donohue,28,CIN,NL,32,66,60,1,20,0,0,0,13,1,0,1,5,.333,.355,.333,.688,75,20,,1,4,,0,1,donohpe01
296,Louis English?,27,DS,NNL,12,42,37,4,8,0,2,0,2,1,,4,,.216,.293,.324,.617,61,12,,0,1,,,2/43,englilo01
297,Rick Ferrell,23,SLB,AL,64,181,144,21,33,6,1,0,20,1,2,32,10,.229,.373,.285,.658,70,41,,1,4,,0,2H,ferreri01
298,Wes Ferrell,21,CLE,AL,47,102,93,12,22,5,3,1,12,1,0,6,28,.237,.283,.387,.670,69,36,,0,3,,0,1/H,ferrewe01
299,Bill Foster#,25,CAG,NNL,27,58,51,9,11,1,0,0,2,1,,6,,.216,.298,.235,.534,41,12,,0,1,,,1/83,fostebi99
300,Larry French,21,PIT,NL,30,45,42,4,8,1,0,0,8,1,0,2,12,.190,.227,.214,.442,9,9,,0,1,,0,1,frencla01
301,Bernie Friberg,29,PHI,NL,128,518,455,74,137,21,10,7,55,1,1,49,54,.301,.370,.437,.808,95,199,,1,13,,3,687H/493,fribebe01
302,Alex Gaston,36,BOS,AL,55,127,116,14,26,5,2,2,9,1,0,6,8,.224,.262,.353,.616,59,41,,0,5,,1,2/H,gastoal01
303,Joe Genewich,32,NYG,NL,25,33,32,7,12,0,0,0,2,1,0,0,5,.375,.375,.375,.750,87,12,,0,0,,0,1/H,genewjo01
304,Wally Gerber,37,BOS,AL,61,105,91,6,15,3,1,0,5,1,0,8,12,.165,.232,.220,.452,18,20,,0,6,,0,64H,gerbewa01
305,Mike González,38,CHC,NL,60,189,167,15,40,3,0,0,18,1,0,18,14,.240,.317,.257,.575,44,43,,1,3,,0,2,gonzami01
306,Johnny Grabowski,29,NYY,AL,22,64,59,4,12,1,0,0,2,1,0,3,6,.203,.242,.220,.462,23,13,,0,2,,0,2,grabojo01
307,Jesse Haines,35,STL,NL,28,73,69,5,11,0,0,1,3,1,0,1,22,.159,.171,.203,.374,-9,14,,0,3,,0,1,haineje01
308,Charlie Hargreaves,32,PIT,NL,102,352,328,33,88,12,5,1,44,1,1,16,12,.268,.306,.345,.651,59,113,,2,6,,1,2/H,hargrch01
309,Bucky Harris,32,DET,AL,7,14,11,3,1,0,0,0,0,1,0,2,2,.091,.231,.091,.322,-14,1,,0,1,,0,/4H6,harribu01
310,Spence Harris*,28,WSH,AL,6,16,14,1,3,1,0,0,1,1,0,0,3,.214,.214,.286,.500,27,4,,0,1,,0,/8H,harrisp01
311,Gabby Hartnett,28,CHC,NL,25,29,22,2,6,2,1,1,9,1,0,5,5,.273,.407,.591,.998,144,13,,0,1,,2,H/2,hartnga01
312,Rollie Hemsley,22,PIT,NL,88,257,235,31,68,13,7,0,37,1,0,11,22,.289,.321,.404,.725,76,95,,0,9,,1,2H,hemslro01
313,Charlie Henry?,29,DS,NNL,22,54,52,5,14,2,1,0,3,1,,1,,.269,.283,.346,.629,63,18,,0,1,,,1,henrych01
314,Dutch Henry*,27,TOT,MLB,29,43,35,4,8,0,0,0,3,1,0,7,5,.229,.357,.229,.586,50,8,,0,1,,0,1,henrydu01
315,Johnnie Heving,33,BOS,AL,76,200,188,26,60,4,3,0,23,1,2,8,7,.319,.354,.372,.726,89,70,,2,2,,1,2H,hevinjo01
316,Shanty Hogan,23,NYG,NL,102,353,317,19,95,13,0,5,45,1,2,25,22,.300,.362,.388,.750,86,123,,6,5,,8,2/H,hogansh01
317,Wattie Holm,27,STL,NL,64,196,176,21,41,5,6,0,14,1,0,12,8,.233,.282,.330,.611,49,58,,0,8,,1,9H/875,holmwa01
318,Frog Holsey?,23,CAG,NNL,23,52,47,4,12,1,0,0,2,1,,1,,.255,.271,.277,.547,43,13,,0,4,,,1,holsefr01
319,Willis Hudlin,23,CLE,AL,40,107,97,5,19,3,0,0,4,1,0,1,18,.196,.212,.227,.439,12,22,,1,8,,0,1,hudliwi01
320,Dick Jackson?,32,HIL,ANL,73,274,248,26,61,9,5,1,26,1,,14,,.246,.286,.335,.621,51,83,,0,12,,,*4,jacksdi01
321,Harry Jeffries,--,CAG,NNL,52,185,165,19,37,3,0,2,18,1,,12,,.224,.277,.279,.556,45,46,,0,8,,,52/79,jeffrha01
322,Cobe Jones#,23,PIT,NL,25,64,63,6,16,5,1,0,4,1,0,1,5,.254,.266,.365,.631,53,23,,0,0,,0,6H,jonesco02
323,Sad Sam Jones,36,WSH,AL,28,64,51,6,8,1,1,0,3,1,0,8,15,.157,.283,.216,.499,30,11,,1,3,,0,1/H,jonessa01
324,Willie Jones?,26,AC,ANL,44,154,145,14,37,8,1,0,16,1,,8,,.255,.294,.324,.618,50,47,,0,1,,,2/97,joneswi03
325,Mark Koenig#,24,NYY,AL,116,400,373,44,109,27,5,3,41,1,1,23,17,.292,.335,.416,.751,97,155,,1,3,,3,65H/4,koenima01
326,Néstor Lambertus?,22,CSE,ANL,23,83,72,13,22,3,0,0,6,1,,8,,.306,.375,.347,.722,77,25,,0,3,,,8/735,lambene01
327,Script Lee,30,BBS,ANL,26,71,65,9,14,0,3,1,7,1,,3,,.215,.250,.354,.604,46,23,,0,3,,,1/9857,leesc01
328,Clarence Lindsay#,31,AC,ANL,61,266,226,34,58,11,4,2,37,1,,25,,.257,.333,.367,.701,71,83,,1,14,,,56/1,lindscl01
329,Red Lucas*,27,CIN,NL,76,155,140,15,41,6,0,0,13,1,1,13,15,.293,.353,.336,.689,75,47,,0,2,,1,H1,lucasre01
330,Clyde Manion,32,SLB,AL,35,128,111,16,27,2,0,0,11,1,0,15,3,.243,.333,.261,.595,53,29,,0,2,,0,2/H,maniocl01
331,Charlie Mason?,34,TOT,ANL,37,154,136,22,30,3,5,2,15,1,,12,,.221,.284,.360,.644,56,49,,0,6,,,79/18,masonch02
332,J.C. McHaskell?,26,MRS,NNL,55,233,213,21,50,4,0,0,16,1,,11,,.235,.272,.254,.526,38,54,,0,9,,,*3,mchasjc01
333,Eric McNair,20,PHA,AL,4,8,8,2,4,1,0,0,3,1,0,0,0,.500,.500,.625,1.125,183,5,,0,0,,0,/6H,mcnaier01
334,Clarence Mitchell*,38,STL,NL,26,76,66,9,18,3,1,0,9,1,0,4,6,.273,.314,.348,.663,62,23,,0,6,,0,1/H,mitchcl01
335,Johnny Mostil,33,CHW,AL,12,42,35,4,8,3,0,0,3,1,1,6,2,.229,.341,.314,.656,71,11,,0,1,,0,8/H9,mostijo01
336,Mitchell Murray,33,CAG,NNL,31,92,83,8,17,5,0,0,5,1,,4,,.205,.241,.265,.506,32,22,,0,5,,,2,murrami02
337,Dewitt Owens?,28,MRS,NNL,62,249,232,24,51,3,0,0,16,1,,11,,.220,.255,.233,.488,28,54,,0,6,,,64,owensde01
338,Oscar Owens,35,HG,ANL,27,87,75,19,29,2,0,0,10,1,,10,,.387,.465,.413,.878,115,31,,1,1,,,/78193,owensos01
339,Ben Paschal,33,NYY,AL,42,82,72,13,15,3,0,2,11,1,2,6,3,.208,.269,.333,.603,58,24,,0,3,,0,H7/98,paschbe01
340,Homer Peel,26,PHI,NL,53,175,156,16,42,12,1,0,19,1,2,12,7,.269,.329,.359,.688,67,56,,2,5,,0,8H/793,peelho01
341,Diamond Pipkins*,21,BBB,NNL,17,28,28,4,12,3,0,0,4,1,,0,,.429,.429,.536,.964,150,15,,0,0,,,1,pipkidi01
342,Malvin Powell,21,CAG,NNL,40,148,133,12,28,5,2,0,10,1,,7,,.211,.250,.278,.528,37,37,,0,8,,,9/187,powelme01
343,Cheo Ramos,28,CSE,ANL,49,207,178,30,51,7,2,1,21,1,,20,,.287,.362,.365,.727,77,65,,1,8,,,7/89,ramosch02
344,Buck Redfern,27,CHW,AL,21,49,46,0,6,0,0,0,3,1,1,3,3,.130,.184,.130,.314,-17,6,,0,0,,0,4/56H,redfebu01
345,Nolen Richardson,26,DET,AL,13,24,21,2,4,0,0,0,2,1,1,2,1,.190,.261,.190,.451,18,4,,0,1,,0,6,richano01
346,Harry Salmon*,34,BBB,NNL,47,105,101,13,19,1,1,0,7,1,,2,,.188,.204,.218,.422,10,22,,0,2,,,1/987,salmoha01
347,Wally Schang#,39,SLB,AL,94,334,249,43,59,10,5,5,36,1,4,74,22,.237,.424,.378,.802,105,94,,7,4,,8,2H,schanwa01
348,Carey Selph,27,STL,NL,25,59,51,8,12,1,1,0,7,1,2,6,4,.235,.316,.294,.610,50,15,,0,2,,0,4H,selphca01
349,Wally Shaner,29,CIN,NL,13,32,28,5,9,0,0,1,4,1,1,4,5,.321,.406,.429,.835,112,12,,0,0,,0,/3H7,shanewa01
350,Bob Smith,34,BSN,NL,39,104,99,12,17,4,2,1,8,1,0,2,8,.172,.188,.283,.471,17,28,,0,3,,0,1/6,smithbo02
351,Al Spohrer,26,BSN,NL,114,382,342,42,93,21,8,2,48,1,1,26,35,.272,.327,.398,.725,82,136,,2,12,,3,*2H,spohral01
352,Jake Stephens,29,TOT,ANL,15,57,51,6,10,0,0,0,2,1,,3,,.196,.241,.196,.437,7,10,,0,3,,,6,stephja02
353,John Stone*,23,DET,AL,51,163,150,23,39,11,2,2,15,1,1,11,13,.260,.311,.400,.711,82,60,,0,2,,0,7H/89,stonejo01
354,Homer Summa*,30,PHA,AL,37,88,81,12,22,4,0,0,10,1,1,2,1,.272,.298,.321,.619,57,26,,1,4,,0,9H/7,summaho01
355,Jackie Tavener*,31,CLE,AL,92,292,250,25,53,9,4,2,27,1,4,26,28,.212,.289,.304,.593,51,76,,1,15,,0,6/H,tavenja01
356,Ben Taylor*,40,AC,ANL,39,132,115,12,31,6,0,4,17,1,,14,,.270,.354,.426,.780,89,49,,1,2,,,3,taylobe99
357,Bill Walker,25,NYG,NL,29,70,61,4,7,0,0,1,4,1,0,2,21,.115,.143,.164,.307,-24,10,,0,7,,0,1,walkebi01
358,Hoss Walker,24,AC,ANL,53,187,157,33,39,4,4,2,23,1,,20,,.248,.333,.363,.696,70,57,,0,10,,,65,walkeho01
359,Sam Warmack?,30,HIL,ANL,35,156,134,30,44,9,4,1,18,1,,15,,.328,.396,.478,.874,112,64,,0,7,,,7/8549,warmasa01
360,Ken Williams*,39,BOS,AL,74,161,139,21,48,14,2,3,21,1,5,15,7,.345,.409,.540,.949,145,75,,0,7,,1,H87/39,willike01
361,Poindexter Williams,31,BBB,NNL,64,244,216,29,61,9,2,6,45,1,,22,,.282,.349,.426,.775,101,92,,0,6,,,*2/9,willipo02
362,Yats Wuestling,25,DET,AL,54,167,150,13,30,4,1,0,16,1,3,9,24,.200,.250,.240,.490,27,36,,1,7,,0,6/H45,wuestya01
363,Laymon Yokely,23,BBS,ANL,30,87,78,5,15,1,0,1,7,1,,2,,.192,.213,.244,.456,11,19,,0,7,,,1,yokella01
364,Thomas Albright,19,AC,ANL,11,19,17,0,1,0,0,0,0,0,,1,,.059,.111,.059,.170,-58,1,,0,1,,,1,albrith01
365,Pete Alexander,42,STL,NL,22,48,41,2,2,0,0,0,2,0,1,3,5,.049,.133,.049,.182,-53,2,,1,3,,0,1,alexape01
366,Nick Altrock#,52,WSH,AL,1,1,1,0,1,0,0,0,0,0,0,0,0,1.000,1.000,1.000,2.000,414,1,,0,0,,0,/H9,altroni01
367,Tom Angley*,24,CHC,NL,5,21,16,1,4,1,0,0,6,0,0,2,2,.250,.333,.313,.646,61,5,,0,3,,0,/2H,angleto01
368,Casper Asbjornson,20,BOS,AL,17,30,29,1,3,0,0,0,0,0,0,1,6,.103,.133,.103,.237,-37,3,,0,0,,0,2/H,asbjoca01
369,Ken Ash,27,CIN,NL,30,21,21,1,3,1,0,0,1,0,0,0,4,.143,.143,.190,.333,-16,4,,0,0,,0,1/7H,ashke01
370,Jimmy Austin#,49,SLB,AL,1,1,1,0,0,0,0,0,0,0,0,0,1,.000,.000,.000,.000,-100,0,,0,0,,0,/5,austiji01
371,Martin Autry,26,CHW,AL,43,100,96,7,20,6,0,1,12,0,0,1,8,.208,.224,.302,.527,35,29,,1,2,,1,2H,autrych02
372,Win Ballou,31,BRO,NL,25,16,16,1,1,0,0,0,0,0,0,0,7,.063,.063,.063,.125,-69,1,,0,0,,0,1,ballowi01
373,Frank Barnes*,29,DET,AL,4,1,1,0,0,0,0,0,0,0,0,0,0,.000,.000,.000,.000,-100,0,,0,0,,0,/1,barnefr01
374,Bill Bayne*,30,BOS,AL,27,27,25,2,8,1,1,0,1,0,0,1,3,.320,.346,.440,.786,103,11,,0,1,,0,1,baynebi01
375,Walter Beall,29,WSH,AL,3,3,3,0,0,0,0,0,0,0,0,0,3,.000,.000,.000,.000,-100,0,,0,0,,0,/1,beallwa01
376,Cliff Bell,32,MRS,NNL,22,57,52,1,5,0,0,0,0,0,,2,,.096,.130,.096,.226,-40,5,,0,3,,,1/8,bellcl01
377,Herman Bell,31,STL,NL,7,3,3,0,0,0,0,0,0,0,0,0,2,.000,.000,.000,.000,-100,0,,0,0,,0,/1,bellhi01
378,William Bell,31,KCM,NNL,26,76,67,10,20,3,0,0,11,0,,7,,.299,.365,.343,.708,86,23,,0,2,,,1,bellwi01
379,Ray Benge,27,PHI,NL,43,78,74,8,15,0,0,0,4,0,0,1,9,.203,.213,.203,.416,1,15,,0,3,,0,1/H,bengera01
380,Benny Bengough,30,NYY,AL,23,62,62,5,12,2,1,0,7,0,0,0,2,.194,.194,.258,.452,18,16,,0,0,,0,2,bengobe01
381,Larry Benton,31,NYG,NL,41,88,86,2,9,1,0,1,8,0,1,1,15,.105,.115,.151,.266,-35,13,,0,1,,0,1/H,bentola01
382,Josh Billings,21,DET,AL,8,7,6,0,0,0,0,0,0,0,0,1,1,.000,.143,.000,.143,-60,0,,0,0,,0,/1,billijo02
383,Lena Blackburne,42,CHW,AL,1,0,0,0,0,0,0,0,0,0,0,0,0,,,,,,0,,0,0,,0,/1,blackle01
384,George Blaeholder,25,SLB,AL,42,83,74,6,9,1,0,1,6,0,0,6,14,.122,.188,.176,.363,-7,13,,0,2,,0,1,blaehge01
385,Sheriff Blake#,29,CHC,NL,38,90,81,11,14,2,0,0,4,0,0,4,10,.173,.212,.198,.409,2,16,,0,5,,0,1/H,blakesh01
386,Ted Blankenship,28,CHW,AL,8,4,4,0,1,0,0,0,0,0,0,0,2,.250,.250,.250,.500,30,1,,0,0,,0,/1,blankte01
387,Clarence Blethen*,35,BRO,NL,2,0,0,0,0,0,0,0,0,0,0,0,0,,,,,,0,,0,0,,0,/1,blethcl01
388,Alonzo Boone,21,MRS,NNL,7,13,12,1,3,2,0,0,2,0,,1,,.250,.308,.417,.724,87,5,,0,0,,,/1,booneal01
389,Harley Boss*,20,WSH,AL,28,68,66,9,18,2,1,0,6,0,0,2,6,.273,.294,.333,.627,60,22,,0,0,,0,3H,bossha01
390,Herb Bradley,26,BOS,AL,3,1,1,0,0,0,0,0,0,0,0,0,0,.000,.000,.000,.000,-100,0,,0,0,,0,/1,bradlhe01
391,Joe Bradshaw,31,BRO,NL,2,0,0,0,0,0,0,0,0,0,0,0,0,,,,,,0,,0,0,,0,/1,bradsjo01
392,Erv Brame*,27,PIT,NL,59,120,116,9,36,8,1,4,25,0,0,2,7,.310,.322,.500,.822,98,58,,0,2,,0,1H,brameer01
393,Ed Brandt*,24,BSN,NL,29,71,64,7,15,4,0,0,5,0,0,4,6,.234,.279,.297,.576,46,19,,0,3,,0,1/H,branded01
394,Otis Brannan*,30,SLB,AL,23,58,51,4,15,1,0,1,8,0,0,4,4,.294,.345,.373,.718,83,19,,0,3,,0,4/H,brannot01
395,Garland Braxton#,29,WSH,AL,37,66,54,5,8,4,0,0,4,0,0,6,13,.148,.246,.222,.468,21,12,,1,5,,0,1,braxtga01
396,Bill Breckinridge,21,PHA,AL,3,4,4,0,0,0,0,0,0,0,0,0,1,.000,.000,.000,.000,-100,0,,0,0,,0,/1,breckbi01
397,Otto Briggs*,38,TOT,ANL,4,14,11,3,4,0,0,0,0,0,,2,,.364,.462,.364,.825,103,4,,0,1,,,/9,briggot01
398,George Britt,33,TOT,ANL,32,74,69,4,16,0,0,0,5,0,,2,,.232,.254,.232,.485,19,16,,0,3,,,1/25396,brittge01
399,Broadnax?,--,MRS,NNL,8,11,11,1,0,0,0,0,0,0,,0,,.000,.000,.000,.000,-100,0,,0,0,,,/17,broad02
400,Ameal Brooks*,22,CAG,NNL,2,3,3,1,2,1,0,0,0,0,,0,,.667,.667,1.000,1.667,328,3,,0,0,,,/2,brookam01
401,Brown?,--,HIL,ANL,1,0,0,0,0,0,0,0,0,0,,0,,,,,,,0,,0,0,,,/1,brown08
402,Clint Brown*,25,CLE,AL,3,7,7,1,0,0,0,0,0,0,0,0,0,.000,.000,.000,.000,-100,0,,0,0,,0,/1,browncl01
403,Scrappy Brown?,29,AC,ANL,1,5,4,1,1,0,0,0,1,0,,0,,.250,.250,.250,.500,22,1,,0,1,,,/6,brownsc02
404,Bobby Burke*,22,WSH,AL,37,51,43,2,6,1,0,0,4,0,0,1,10,.140,.159,.163,.322,-17,7,,0,7,,0,1,burkebo01
405,Johnny Burnett*,24,CLE,AL,19,35,33,2,5,1,0,0,2,0,0,1,2,.152,.200,.182,.382,-2,6,,1,0,,0,6/4H,burnejo01
406,Johnny Butler,36,STL,NL,17,59,55,5,9,1,1,0,5,0,0,4,5,.164,.220,.218,.439,8,12,,0,0,,0,/56,butlejo02
407,Jerry Byrne,22,CHW,AL,3,2,2,0,0,0,0,0,0,0,0,0,0,.000,.000,.000,.000,-100,0,,0,0,,0,/1,byrneje01
408,Joe Cade?,29,AC,ANL,14,22,18,2,4,1,0,0,3,0,,2,,.222,.300,.278,.578,42,5,,0,2,,,1/9,cadejo01
409,Archie Campbell,25,WSH,AL,4,0,0,0,0,0,0,0,0,0,0,0,0,,,,,,0,,0,0,,0,/1,campbar01
410,Bullet Campbell?,33,NLG,ANL,1,1,1,0,0,0,0,0,0,0,,0,,.000,.000,.000,.000,-100,0,,0,0,,,/1,campbbu01
411,Richard Cannon?,19,SLS,NNL,8,9,8,1,0,0,0,0,0,0,,0,,.000,.000,.000,.000,-100,0,,0,1,,,/1,cannori01
412,Ben Cantwell,27,BSN,NL,27,57,50,5,9,3,0,0,5,0,0,4,5,.180,.241,.240,.481,22,12,,0,3,,0,1,cantwbe01
413,Max Carey#,39,BRO,NL,19,27,23,2,7,0,0,0,1,0,0,3,2,.304,.407,.304,.712,81,7,,1,0,,0,H/89,careyma01
414,Hal Carlson,37,CHC,NL,31,44,39,4,9,2,0,0,8,0,0,2,7,.231,.268,.282,.550,37,11,,0,3,,0,1,carlsha01
415,Ed Carroll,21,BOS,AL,24,20,16,2,1,0,0,0,2,0,0,0,3,.063,.063,.063,.125,-67,1,,0,3,,0,1/H,carroed01
416,Ownie Carroll,26,DET,AL,37,81,74,9,17,2,2,0,11,0,0,4,4,.230,.278,.311,.589,51,23,,1,2,,0,1/H,carroow01
417,Cliff Carter?,30,HIL,ANL,7,15,11,1,3,0,0,0,0,0,,3,,.273,.429,.273,.701,74,3,,0,1,,,/1,cartecl01
418,Luis Castro?,24,CSE,ANL,5,6,4,2,0,0,0,0,0,0,,2,,.000,.333,.000,.333,-13,0,,0,0,,,/2,castrlu02
419,Leon Chagnon,26,PIT,NL,1,2,2,0,0,0,0,0,0,0,0,0,0,.000,.000,.000,.000,-100,0,,0,0,,0,/1,chagnle01
420,Porter Charleston?,25,HIL,ANL,21,56,52,2,7,1,1,0,1,0,,1,,.135,.151,.192,.343,-17,10,,0,3,,,1,charlpo01
421,Son Childs,--,MRS,NNL,1,0,0,0,0,0,0,0,0,0,,0,,,,,,,0,,0,0,,,,childso01
422,Joe Cicero,18,BOS,AL,10,32,32,6,10,2,2,0,4,0,0,0,2,.313,.313,.500,.813,108,16,,0,0,,0,/8H7,cicerjo01
423,Watson Clark*,27,BRO,NL,42,106,97,10,16,0,0,0,4,0,1,5,14,.165,.206,.165,.371,-6,16,,0,4,,0,1/H,clarkwa02
424,Bill Clarkson,30,BSN,NL,2,2,2,0,1,0,0,0,0,0,0,0,0,.500,.500,.500,1.000,154,1,,0,0,,0,/1,clarkbi02
425,Herb Cobb,24,SLB,AL,1,0,0,0,0,0,0,0,0,0,0,0,0,,,,,,0,,0,0,,0,/1,cobbhe01
426,Dick Coffman,22,SLB,AL,27,8,7,0,0,0,0,0,0,0,0,0,0,.000,.000,.000,.000,-100,0,,0,0,,0,1,coffmdi01
427,Gilbert Coleman,--,AC,ANL,3,9,9,0,1,0,0,0,0,0,,0,,.111,.111,.111,.222,-46,1,,0,0,,,/95,colemgi01
428,Eddie Collins*,42,PHA,AL,9,9,7,0,0,0,0,0,0,0,0,2,0,.000,.222,.000,.222,-39,0,,0,0,,1,/H,collied01
429,Pat Collins,32,BSN,NL,7,11,5,1,0,0,0,0,2,0,0,3,1,.000,.375,.000,.375,4,0,,0,3,,0,/2H,collipa01
430,Phil Collins,27,PHI,NL,59,60,58,15,11,4,0,1,7,0,0,1,12,.190,.217,.310,.527,26,18,,1,0,,0,1H,colliph01
431,Rip Collins,33,SLB,AL,26,66,62,9,17,6,0,1,5,0,0,3,17,.274,.308,.419,.727,83,26,,0,1,,0,1,colliri01
432,Sarge Connally,30,CHW,AL,11,0,0,0,0,0,0,0,0,0,0,0,0,,,,,,0,,0,0,,0,1,connasa01
433,Ed Connolly,20,BOS,AL,5,8,8,0,0,0,0,0,0,0,0,0,2,.000,.000,.000,.000,-100,0,,0,0,,0,/2,connoed01
434,Andy Cooper,32,KCM,NNL,21,51,40,3,11,0,2,1,5,0,,5,,.275,.356,.450,.806,109,18,,0,6,,,1,coopean99
435,Darltie Cooper,26,HIL,ANL,32,92,80,4,18,2,1,1,13,0,,6,,.225,.295,.313,.608,48,25,,2,4,,,1/95,coopeda02
436,Sam Cooper?,31,AC,ANL,9,23,20,2,5,1,0,0,4,0,,2,,.250,.318,.300,.618,51,6,,0,1,,,/1,coopesa01
437,Estel Crabtree*,25,CIN,NL,1,1,1,0,0,0,0,0,0,0,0,0,0,.000,.000,.000,.000,-100,0,,0,0,,0,/H,crabtes01
438,William Craddock?,--,TOT,ANL,3,9,8,2,1,0,0,0,0,0,,1,,.125,.222,.125,.347,-13,1,,0,0,,,/9,craddwi01
439,Doc Cramer*,23,PHA,AL,2,6,6,0,0,0,0,0,0,0,0,0,2,.000,.000,.000,.000,-100,0,,0,0,,0,/7H,cramedo01
440,Bill Cronin,26,BSN,NL,6,9,9,0,1,0,0,0,0,0,0,0,0,.111,.111,.111,.222,-44,1,,0,0,,0,/2H,cronibi01
441,Jim Cronin#,23,PHA,AL,25,63,56,7,13,2,1,0,4,0,0,5,7,.232,.295,.304,.599,52,17,,0,2,,0,4/65H,croniji01
442,General Crowder*,30,SLB,AL,40,99,96,6,18,4,0,0,5,0,0,2,11,.188,.204,.229,.433,10,22,,0,1,,0,1,crowdal01
443,Nick Cullop,28,BRO,NL,13,50,41,7,8,2,2,1,5,0,0,8,7,.195,.327,.415,.741,84,17,,0,1,,0,/8793H,culloni02
444,Jack Cummings,25,TOT,NL,6,9,9,0,2,0,0,0,1,0,0,0,2,.222,.222,.222,.444,12,2,,0,0,,0,/2H,cummija01
445,Bruce Cunningham,23,BSN,NL,19,33,27,3,4,0,0,0,2,0,0,4,7,.148,.258,.148,.406,6,4,,0,2,,0,1/7H,cunnibr01
446,Mike Cvengros*,28,CHC,NL,33,17,15,5,6,1,0,0,1,0,0,2,1,.400,.471,.467,.937,133,7,,0,0,,0,1/H,cvengmi01
447,Sam Dailey*,25,PHI,NL,20,17,17,0,1,0,0,0,1,0,0,0,4,.059,.059,.059,.118,-71,1,,0,0,,0,1,dailesa01
448,Davidson?,--,AC,ANL,1,1,1,0,0,0,0,0,0,0,,0,,.000,.000,.000,.000,-100,0,,0,0,,,,david03
449,Roosevelt Davis,24,TOT,NNL,35,52,48,3,10,2,0,0,0,0,,3,,.208,.255,.250,.505,32,12,,0,1,,,1,davisro04
450,Joe Dawson,32,PIT,NL,4,3,2,1,1,0,0,0,0,0,0,1,0,.500,.667,.500,1.167,191,1,,0,0,,0,/1,dawsojo01
451,Connie Day,31,AC,ANL,53,207,184,22,38,7,3,1,20,0,,16,,.207,.274,.293,.567,38,54,,1,6,,,*4,dayco01
452,Bobby Dean?,--,HG,ANL,1,2,2,0,2,0,0,0,1,0,,0,,1.000,1.000,1.000,2.000,388,2,,0,0,,,/4,deanbo01
453,Nelson Dean?,30,MRS,NNL,14,36,35,2,3,0,0,0,1,0,,0,,.086,.086,.086,.171,-55,3,,0,1,,,1/9,deanne01
454,Art Delaney,32,BSN,NL,20,26,21,4,3,0,0,1,2,0,0,3,3,.143,.250,.286,.536,35,6,,0,2,,0,1,delanar01
455,Eddie Delker,23,STL,NL,22,47,40,5,6,0,1,0,3,0,0,2,12,.150,.227,.200,.427,6,8,,2,3,,0,/64H5,delkeed01
456,Fred Dewitt?,28,MRS,NNL,1,1,1,0,0,0,0,0,0,0,,0,,.000,.000,.000,.000,-100,0,,0,0,,,/3,dewitfr01
457,Heliodoro Díaz,24,CSW,NNL,17,53,45,5,16,4,0,1,5,0,,5,,.356,.420,.511,.931,141,23,,0,3,,,1,diazhe01
458,Leo Dixon,34,CIN,NL,14,35,30,0,5,2,0,0,2,0,0,3,7,.167,.242,.233,.476,21,7,,0,1,,0,2,dixonle01
459,Bill Doak,38,STL,NL,3,4,2,0,0,0,0,0,0,0,0,1,0,.000,.333,.000,.333,-10,0,,0,1,,0,/1,doakbi01
460,Ray Dobens*,22,BOS,AL,11,9,8,0,3,0,0,0,1,0,0,0,0,.375,.375,.375,.750,96,3,,0,1,,0,1,dobenra01
461,Len Dondero,25,SLB,AL,19,36,31,2,6,0,0,1,8,0,0,0,4,.194,.194,.290,.484,21,9,,0,4,,0,5/H4,dondele01
462,Bunny Downs,35,HIL,ANL,2,6,6,0,1,0,0,0,0,0,,0,,.167,.167,.167,.333,-19,1,,0,0,,,/4,downsbu01
463,Clise Dudley*,25,BRO,NL,36,59,51,4,5,0,0,2,3,0,1,4,21,.098,.179,.216,.394,-2,11,,1,3,,0,1/H,dudlecl01
464,Dan Dugan*,22,CHW,AL,19,21,20,1,3,1,0,0,3,0,0,0,7,.150,.150,.200,.350,-10,4,,0,1,,0,1,duganda01
465,Joe Dugan,32,BSN,NL,60,139,125,14,38,10,0,0,15,0,0,8,8,.304,.346,.384,.730,84,48,,0,6,,1,H5/647,duganjo01
466,Bill Dunlap,20,BSN,NL,10,33,29,6,12,0,1,1,4,0,0,4,4,.414,.485,.586,1.071,170,17,,0,0,,0,/7H9,dunlabi01
467,Ed Durham*,21,BOS,AL,14,5,4,0,0,0,0,0,0,0,0,1,1,.000,.200,.000,.200,-44,0,,0,0,,0,1,durhaed01
468,A.J. Dykes?,--,BBB,NNL,1,2,2,1,1,0,0,0,0,0,,0,,.500,.500,.500,1.000,162,1,,0,0,,,/4,dykesaj01
469,George Earnshaw,29,PHA,AL,44,100,87,6,15,2,0,1,10,0,0,2,21,.172,.200,.230,.430,9,20,,1,10,,0,1,earnsge01
470,Jesse Edwards?,--,DS,NNL,2,1,1,0,0,0,0,0,0,0,,0,,.000,.000,.000,.000,-100,0,,0,0,,,/1,edwarje02
471,Howard Ehmke,35,PHA,AL,11,19,19,0,2,1,0,0,0,0,0,0,2,.105,.105,.158,.263,-34,3,,0,0,,0,1,ehmkeho01
472,Rube Ehrhardt,34,CIN,NL,24,11,11,1,2,0,0,0,0,0,0,0,5,.182,.182,.182,.364,-8,2,,0,0,,0,1,ehrharu01
473,Hal Elliott,30,PHI,NL,40,34,30,4,5,0,0,0,0,0,0,4,15,.167,.265,.167,.431,7,5,,0,0,,0,1,ellioha01
474,Jumbo Elliott,28,BRO,NL,6,5,4,0,1,0,0,0,0,0,0,1,2,.250,.400,.250,.650,66,1,,0,0,,0,/1,ellioju01
475,Ralph Erickson*,27,PIT,NL,1,0,0,0,0,0,0,0,0,0,0,0,0,,,,,,0,,0,0,,0,/1,erickra01
476,Oscar Estrada*,27,SLB,AL,1,0,0,0,0,0,0,0,0,0,0,0,0,,,,,,0,,0,0,,0,/1,estraos01
477,Jimmy Everett,20,NLG,ANL,9,20,18,5,4,0,0,0,3,0,,2,,.222,.300,.222,.522,29,4,,0,0,,,/1,evereji01
478,Johnny Evers*,47,BSN,NL,1,0,0,0,0,0,0,0,0,0,0,0,0,,,,,,0,,0,0,,0,/4,eversjo01
479,Red Faber#,40,CHW,AL,31,90,78,8,10,2,0,1,5,0,0,8,24,.128,.209,.192,.402,5,15,,0,4,,0,1,faberre01
480,Isidro Fabré,34,CSE,ANL,40,126,105,16,25,7,1,1,15,0,,10,,.238,.316,.352,.669,63,37,,2,9,,,18/793,fabreis01
481,Luther Farrell*,32,AC,ANL,8,31,21,5,6,2,0,0,4,0,,7,,.286,.464,.381,.845,108,8,,0,3,,,/91,farrelu02
482,Alex Ferguson,32,TOT,NL,8,5,5,0,1,0,0,0,0,0,0,0,2,.200,.200,.200,.400,-2,1,,0,0,,0,/1,fergual01
483,José María Fernández,33,CSE,ANL,53,195,176,20,47,6,0,0,17,0,,12,,.267,.317,.301,.619,51,53,,1,6,,,*2/3,fernajo05
484,George Fiall?,29,BBB,NNL,11,39,34,5,7,0,0,0,0,0,,5,,.206,.308,.206,.514,36,7,,0,0,,,6/9,fiallge01
485,Freddie Fitzsimmons,27,NYG,NL,37,86,82,5,15,4,0,0,9,0,0,1,11,.183,.193,.232,.424,5,19,,0,2,,0,1,fitzsfr01
486,Willis Flournoy*,33,BBS,ANL,24,60,50,9,12,4,0,0,5,0,,6,,.240,.321,.320,.641,57,16,,0,4,,,1/9,flourwi01
487,Jake Foote?,--,DS,NNL,1,3,2,0,0,0,0,0,0,0,,1,,.000,.333,.000,.333,-6,0,,0,0,,,/2,footeja01
488,Bill Force,33,BBS,ANL,7,11,11,0,3,0,0,0,0,0,,0,,.273,.273,.273,.545,33,3,,0,0,,,/19,forcebi01
489,Fred Frankhouse,25,STL,NL,34,55,52,7,15,3,0,1,8,0,0,1,6,.288,.302,.404,.706,71,21,,0,2,,0,1/H,frankfr02
490,Walt French*,29,PHA,AL,45,51,45,7,12,1,0,1,9,0,0,2,3,.267,.298,.356,.653,65,16,,0,2,,0,H/798,frencwa01
491,Benny Frey,23,CIN,NL,3,9,8,3,3,1,0,0,0,0,0,0,1,.375,.375,.500,.875,119,4,,0,1,,0,/1,freybe01
492,Liz Funk*,24,NYY,AL,1,0,0,0,0,0,0,0,0,0,0,0,0,,,,,,0,,0,0,,0,/H,funkli01
493,Fred Fussell*,33,PIT,NL,21,16,16,4,4,1,0,2,3,0,0,0,1,.250,.250,.688,.938,120,11,,0,0,,0,1,fussefr01
494,Cándido Gálvez?,28,CSW,NNL,14,29,25,2,5,2,1,0,3,0,,4,,.200,.310,.360,.670,74,9,,0,0,,,1,galveca01
495,Márgaro Gámiz?,24,TOT,ANL,19,49,44,4,11,1,0,0,5,0,,3,,.250,.313,.273,.585,44,12,,1,1,,,2,gamizma01
496,Ping Gardner?,30,AC,ANL,12,26,23,4,6,0,0,0,1,0,,1,,.261,.292,.261,.553,35,6,,0,2,,,1,gardnpi01
497,Milt Gaston,33,BOS,AL,39,89,78,3,15,3,0,1,5,0,0,6,19,.192,.259,.269,.528,38,21,,1,4,,0,1,gastomi01
498,Herbert Gay?,20,CAG,NNL,10,12,10,0,0,0,0,0,0,0,,1,,.000,.091,.000,.091,-74,0,,0,1,,,/1,gayhe01
499,Willie Gay?,20,CAG,NNL,1,4,4,0,1,0,0,0,0,0,,0,,.250,.250,.250,.500,31,1,,0,0,,,/9,gaywi01
500,Rich Gee?,34,NLG,ANL,1,3,3,0,0,0,0,0,0,0,,0,,.000,.000,.000,.000,-100,0,,0,0,,,/2,geeri01
501,Patsy Gharrity,37,WSH,AL,3,3,2,0,0,0,0,0,0,0,0,1,2,.000,.333,.000,.333,-7,0,,0,0,,0,/H,gharrpa01
502,Grant Gillis,28,BOS,AL,28,83,73,5,18,4,0,0,11,0,1,6,8,.247,.304,.301,.605,58,22,,0,4,,0,4/H,gilligr01
503,Willie Gisentaner*,29,CSE,ANL,14,27,27,3,9,0,0,0,2,0,,0,,.333,.333,.333,.667,63,9,,0,0,,,1,gisenwi01
504,Carl Glass*,31,MRS,NNL,38,102,91,10,24,2,1,0,11,0,,5,,.264,.302,.308,.610,59,28,,0,6,,,1/748,glassca01
505,Hal Goldsmith,30,STL,NL,2,1,1,0,0,0,0,0,0,0,0,0,1,.000,.000,.000,.000,-100,0,,0,0,,0,/1,goldsha01
506,Sijo Gómez?,29,CSE,ANL,12,27,23,3,4,0,0,0,1,0,,3,,.174,.269,.174,.443,10,4,,0,1,,,1,gomezsi01
507,Charlie Gooch,27,WSH,AL,39,64,57,6,16,2,1,0,5,0,1,7,8,.281,.359,.351,.710,83,20,,0,0,,0,H/356,goochch01
508,Hank Gowdy,39,BSN,NL,10,16,16,1,7,0,0,0,3,0,0,0,2,.438,.438,.438,.875,122,7,,0,0,,0,/2H,gowdyha01
509,Al Grabowski*,27,STL,NL,6,18,16,3,4,2,1,0,1,0,0,1,0,.250,.294,.500,.794,91,8,,0,1,,0,/1,graboal01
510,Earl Grace*,22,CHC,NL,27,94,80,7,20,1,0,2,17,0,0,9,7,.250,.333,.338,.671,67,27,,1,4,,1,2,graceea01
511,Kyle Graham,29,DET,AL,13,19,19,1,2,0,0,1,1,0,0,0,6,.105,.105,.263,.368,-8,5,,0,0,,0,1,grahask01
512,Hank Grampp,25,CHC,NL,1,0,0,0,0,0,0,0,0,0,0,0,0,,,,,,0,,0,0,,0,/1,grampha01
513,George Grant,26,CLE,AL,12,2,2,0,0,0,0,0,0,0,0,0,0,.000,.000,.000,.000,-100,0,,0,0,,0,1,grantge02
514,Sam Gray,31,SLB,AL,43,118,103,8,19,4,1,0,13,0,0,6,18,.184,.229,.243,.472,20,25,,0,9,,0,1,graysa01
515,June Greene*,30,PHI,NL,21,21,19,1,4,1,0,0,0,0,0,2,4,.211,.286,.263,.549,34,5,,0,0,,0,H/1,greenju01
516,Kent Greenfield,26,TOT,NL,13,6,6,0,0,0,0,0,0,0,0,0,2,.000,.000,.000,.000,-100,0,,0,0,,0,1/H,greenke01
517,Burleigh Grimes,35,PIT,NL,33,97,91,11,26,3,3,0,12,0,1,4,10,.286,.316,.385,.700,71,35,,0,2,,0,1,grimebu01
518,Lefty Grove*,29,PHA,AL,42,116,102,13,22,3,0,1,15,0,0,6,33,.216,.259,.275,.534,35,28,,0,8,,0,1,grovele01
519,Marv Gudat*,25,CIN,NL,9,10,10,0,2,0,0,0,0,0,0,0,0,.200,.200,.200,.400,2,2,,0,0,,0,/1H,gudatma01
520,Earl Gurley*,30,BBB,NNL,8,33,31,2,7,1,2,0,5,0,,2,,.226,.273,.387,.660,70,12,,0,0,,,/897,gurleea01
521,Mule Haas*,25,PHA,AL,139,656,578,115,181,41,9,16,82,0,4,34,38,.313,.356,.498,.854,114,288,,4,40,,0,*8/7,haasmu01
522,Bump Hadley,24,WSH,AL,37,74,62,6,6,0,0,0,2,0,0,7,15,.097,.188,.097,.285,-25,6,,0,4,,0,1,hadlebu01
523,Hal Haid,31,STL,NL,38,56,49,4,4,1,0,0,3,0,0,3,15,.082,.151,.102,.253,-37,5,,1,3,,0,1,haidha01
524,Perry Hall,31,AC,ANL,1,3,3,0,2,0,0,0,1,0,,0,,.667,.667,.667,1.333,226,2,,0,0,,,/5,hallpe01
525,Bill Hallahan,26,STL,NL,20,30,26,2,4,0,0,0,3,0,0,2,13,.154,.214,.154,.368,-8,4,,0,2,,0,1,hallabi01
526,Eppie Hamilton,29,BBB,NNL,18,53,52,8,16,1,1,2,13,0,,1,,.308,.321,.481,.802,106,25,,0,0,,,2/7,hamilep01
527,Fred Haney,33,STL,NL,10,28,26,4,3,1,1,0,2,0,0,1,2,.115,.179,.231,.409,-1,6,,1,0,,0,/5H,haneyfr01
528,Mel Harder,19,CLE,AL,11,1,1,0,0,0,0,0,0,0,0,0,1,.000,.000,.000,.000,-100,0,,0,0,,0,1,hardeme01
529,Walter Harper?,--,CAG,NNL,1,1,1,0,0,0,0,0,0,0,,0,,.000,.000,.000,.000,-100,0,,0,0,,,,harpewa01
530,Bill Harris?,--,SLS,NNL,1,2,1,1,0,0,0,0,0,0,,1,,.000,.500,.000,.500,42,0,,0,0,,,/2,harribi05
531,Henry Harris?,28,MRS,NNL,21,74,59,5,9,2,0,0,3,0,,10,,.153,.275,.186,.462,23,11,,0,5,,,6/4,harrihe02
532,Earl Harrison?,29,HG,ANL,2,2,2,0,0,0,0,0,0,0,,0,,.000,.000,.000,.000,-100,0,,0,0,,,/1,harriea02
533,Grover Hartley,40,CLE,AL,24,35,33,2,9,0,1,0,8,0,0,2,1,.273,.314,.333,.648,65,11,,0,0,,0,2H,hartlgr01
534,Joe Hassler,24,PHA,AL,4,4,4,1,0,0,0,0,0,0,0,0,2,.000,.000,.000,.000,-100,0,,0,0,,0,/H6,hassljo01
535,Joe Hauser*,30,CLE,AL,37,56,48,8,12,1,1,3,9,0,0,4,8,.250,.321,.500,.821,106,24,,1,0,,0,H/3,hausejo01
536,Bun Hayes,25,BBS,ANL,8,21,19,2,6,0,0,0,2,0,,1,,.316,.350,.316,.666,63,6,,0,1,,,/19,hayesbu02
537,Ray Hayworth,25,DET,AL,14,47,43,5,11,0,0,0,4,0,0,3,8,.256,.304,.256,.560,46,11,,0,1,,0,2,haywora01
538,Bunny Hearn*,25,BSN,NL,10,4,2,1,0,0,0,0,0,0,0,1,2,.000,.333,.000,.333,-8,0,,0,1,,0,1,hearnbu02
539,Fred Heimach*,28,NYY,AL,36,53,49,5,9,2,0,1,2,0,0,3,12,.184,.231,.286,.516,36,14,,0,0,,0,1/H,heimafr01
540,Rats Henderson,32,AC,ANL,28,68,60,7,12,1,0,0,6,0,,3,,.200,.250,.217,.467,15,13,,1,4,,,1,hendera01
541,Butch Henline,34,BRO,NL,27,73,62,5,15,2,0,1,7,0,0,9,9,.242,.338,.323,.661,66,20,,0,2,,0,2/H,henlibu01
542,Logan Hensley,29,SLS,NNL,28,69,65,7,13,1,1,3,10,0,,2,,.200,.224,.385,.608,56,25,,0,2,,,1,hensllo01
543,Ramón Hernández?,22,CSW,NNL,34,128,111,14,29,3,1,5,16,0,,14,,.261,.349,.441,.791,105,49,,1,2,,,5/2,hernara03
544,Art Herring,23,DET,AL,4,14,14,2,3,2,1,0,3,0,0,0,1,.214,.214,.500,.714,78,7,,0,0,,0,/1,herriar01
545,Carmen Hill,33,TOT,NL,30,33,31,1,1,0,0,0,0,0,0,1,7,.032,.063,.032,.095,-76,1,,0,0,,0,1,hillca01
546,John Hines,28,CAG,NNL,4,12,11,0,1,1,0,0,1,0,,1,,.091,.167,.182,.348,-9,2,,0,0,,,/2,hinesjo01
547,Elon Hogsett*,25,DET,AL,4,10,10,0,2,0,0,0,0,0,0,0,2,.200,.200,.200,.400,3,2,,0,0,,0,/1,hogsech01
548,Bill Holland#,28,NLG,ANL,23,72,64,10,12,2,0,0,4,0,,5,,.188,.246,.219,.465,14,14,,0,3,,,1/879,hollabi03
549,Mul Holland,26,STL,NL,8,5,4,1,1,0,0,0,1,0,0,1,0,.250,.400,.250,.650,63,1,,0,0,,0,/1,hollamu01
550,Jim Holloway,20,PHI,NL,3,1,1,0,1,0,0,0,0,0,0,0,0,1.000,1.000,1.000,2.000,386,1,,0,0,,0,/1,holloji01
551,Ken Holloway,31,CLE,AL,25,42,41,1,7,2,0,0,1,0,0,1,3,.171,.190,.220,.410,4,9,,0,0,,0,1,holloke01
552,Lefty Holmes*,22,NLG,ANL,4,11,11,4,4,1,0,0,4,0,,0,,.364,.364,.455,.818,98,5,,0,0,,,/1,holmele01
553,Paul Hopkins,24,TOT,AL,9,3,3,0,0,0,0,0,0,0,0,0,3,.000,.000,.000,.000,-100,0,,0,0,,0,/1,hopkipa01
554,Trader Horne#,31,CHC,NL,11,6,5,1,2,0,0,0,0,0,0,0,1,.400,.400,.400,.800,99,2,,0,1,,0,1,hornetr01
555,Nat Howard?,--,NLG,ANL,7,17,16,1,2,1,0,0,2,0,,1,,.125,.176,.188,.364,-11,3,,0,0,,,/17,howarna01
556,Waite Hoyt,29,NYY,AL,30,85,76,9,17,4,1,0,6,0,0,1,11,.224,.234,.303,.536,41,23,,0,8,,0,1,hoytwa01
557,Carl Hubbell,26,NYG,NL,39,102,93,6,12,1,0,0,10,0,0,2,14,.129,.147,.140,.287,-28,13,,0,7,,0,1,hubbeca01
558,Mel Ingram,24,PIT,NL,3,0,0,1,0,0,0,0,0,0,0,0,0,,,,,,0,,0,0,,0,/H,ingrame01
559,Barney Jenkins?,--,DS,NNL,1,4,4,0,1,0,0,0,1,0,,0,,.250,.250,.250,.500,31,1,,0,0,,,/2,jenkiba01
560,Tom Jenkins*,31,SLB,AL,21,26,22,1,4,0,1,0,0,0,0,4,8,.182,.308,.273,.580,49,6,,0,0,,0,H/9,jenkito01
561,Dan Jessee*,28,CLE,AL,1,0,0,0,0,0,0,0,0,0,0,0,0,,,,,,0,,0,0,,0,/H,jesseda01
562,Johnson?,--,BBB,NNL,5,12,12,0,2,0,1,0,4,0,,0,,.167,.167,.333,.500,27,4,,0,0,,,/25,johns12
563,Hank Johnson,23,NYY,AL,13,16,14,2,1,1,0,0,3,0,0,0,4,.071,.071,.143,.214,-45,2,,0,2,,0,1/H,johnsha01
564,Si Johnson,22,CIN,NL,1,0,0,0,0,0,0,0,0,0,0,0,0,,,,,,0,,0,0,,0,/1,johnssi01
565,Syl Johnson,28,STL,NL,42,64,60,4,7,2,1,1,5,0,0,1,23,.117,.131,.233,.364,-13,14,,0,3,,0,1,johnssy01
566,Percy Jones,29,BSN,NL,36,67,61,4,9,1,0,0,3,0,0,2,16,.148,.175,.164,.339,-14,10,,0,4,,0,1/H,jonespe01
567,Bubber Jonnard,31,STL,NL,18,33,31,1,3,0,0,0,2,0,0,0,6,.097,.097,.097,.194,-52,3,,0,2,,0,2/H,jonnabu01
568,Claude Jonnard,31,CHC,NL,12,10,10,1,2,1,1,0,2,0,0,0,5,.200,.200,.500,.700,67,5,,0,0,,0,1,jonnacl01
569,Buck Jordan*,22,NYG,NL,2,2,2,1,1,1,0,0,0,0,0,0,0,.500,.500,1.000,1.500,262,2,,0,0,,0,/3H,jordabu01
570,Arndt Jorgens,24,NYY,AL,18,41,34,6,11,3,0,0,4,0,0,6,7,.324,.425,.412,.837,122,14,,0,1,,0,2/H,jorgear01
571,Ralph Judd*,27,NYG,NL,18,14,14,0,0,0,0,0,0,0,0,0,3,.000,.000,.000,.000,-100,0,,0,0,,0,1,juddra01
572,Dutch Kemner,30,CIN,NL,9,4,4,0,1,0,0,0,0,0,0,0,0,.250,.250,.250,.500,27,1,,0,0,,0,/1,kemnedu01
573,Harry Kenyon,35,MRS,NNL,9,22,21,3,4,0,0,1,3,0,,1,,.190,.227,.333,.561,44,7,,0,0,,,/1937,kenyoha01
574,Kerry?,--,AC,ANL,1,1,1,0,0,0,0,0,0,0,,0,,.000,.000,.000,.000,-100,0,,0,0,,,,kerry01
575,Chad Kimsey*,22,SLB,AL,29,32,30,6,8,2,0,2,4,0,0,1,8,.267,.290,.533,.824,105,16,,0,1,,0,1/H,kimsech01
576,Ray Kolp,34,CIN,NL,30,53,49,5,8,3,0,0,7,0,0,0,8,.163,.163,.224,.388,-3,11,,0,4,,0,1,kolpra01
577,Lou Koupal,30,TOT,NL,33,48,46,2,5,0,1,0,0,0,0,0,7,.109,.109,.152,.261,-37,7,,0,2,,0,1,koupalo01
578,Ray Kremer,34,PIT,NL,34,94,86,4,11,4,0,1,8,0,0,7,26,.128,.194,.209,.403,-1,18,,0,1,,0,1,kremera01
579,Obie Lackey,25,TOT,ANL,37,137,128,11,35,4,0,0,19,0,,6,,.273,.306,.305,.611,49,39,,0,3,,,6,lackeob01
580,Doc Land*,26,WSH,AL,1,4,3,0,0,0,0,0,0,0,0,1,0,.000,.250,.000,.250,-31,0,,0,0,,0,/8,landdo01
581,Alto Lane?,21,MRS,NNL,3,7,7,0,0,0,0,0,0,0,,0,,.000,.000,.000,.000,-100,0,,0,0,,,/1,laneal01
582,Duke Lattimore?,25,BBS,ANL,15,42,37,5,9,1,1,0,4,0,,2,,.243,.282,.324,.606,47,12,,0,3,,,2,lattidu01
583,Bevo LeBourveau*,32,PHA,AL,12,22,16,1,5,0,1,0,2,0,1,5,1,.313,.476,.438,.914,133,7,,0,1,,0,H/89,leboube01
584,Walt Lerian,26,PHI,NL,105,333,273,28,61,13,2,6,25,0,1,53,37,.223,.354,.352,.705,71,96,,2,5,,5,*2/H,leriawa01
585,Sam Leslie*,23,NYG,NL,1,2,1,0,0,0,0,0,1,0,0,0,0,.000,.000,.000,.000,-100,0,,0,1,,0,/7H,leslisa01
586,Gorham Leverett,35,BSN,NL,24,35,32,3,6,1,0,0,2,0,0,2,10,.188,.235,.219,.454,16,7,,0,0,,0,1,leverdi01
587,Oscar Levis*,30,CSE,ANL,23,58,52,2,9,3,0,0,5,0,,3,,.173,.218,.231,.449,9,12,,0,3,,,1/8,levisos01
588,Carl Lind,25,CLE,AL,66,249,225,19,54,8,1,0,13,0,2,13,17,.240,.282,.284,.566,44,64,,0,11,,1,4/5H,lindca01
589,Jim Lindsey,30,STL,NL,2,6,5,0,1,0,0,0,0,0,0,0,0,.200,.200,.200,.400,-2,1,,0,0,,0,/1,lindsji01
590,Bob Linton*,27,PIT,NL,17,19,18,0,2,0,0,0,1,0,0,1,2,.111,.158,.111,.269,-33,2,,0,0,,0,H/2,lintobo01
591,Horace Lisenbee,30,BOS,AL,5,2,2,0,0,0,0,0,0,0,0,0,0,.000,.000,.000,.000,-100,0,,0,0,,0,/1,lisenho01
592,Ad Liska,22,WSH,AL,24,32,29,1,5,0,0,0,0,0,0,2,8,.172,.250,.172,.422,10,5,,1,0,,0,1,liskaad01
593,Hubert Lockhart?,30,CAG,NNL,2,5,4,1,0,0,0,0,0,0,,0,,.000,.000,.000,.000,-100,0,,0,1,,,/1,lockhhu01
594,Ventura López?,20,CSW,NNL,10,20,20,2,5,0,0,0,1,0,,0,,.250,.250,.250,.500,31,5,,0,0,,,1,lopezve01
595,Jesús Lorenzo?,23,CSW,NNL,18,50,44,11,13,1,0,0,3,0,,4,,.295,.354,.318,.672,77,14,,0,2,,,1/795,lorenje01
596,Ray Lucas,20,NYG,NL,3,2,2,1,1,0,0,0,0,0,0,0,0,.500,.500,.500,1.000,149,1,,0,0,,0,/1,lucasra01
597,Dolf Luque,38,CIN,NL,32,63,54,10,15,0,0,1,8,0,0,4,5,.278,.339,.333,.672,71,18,,1,4,,0,1,luquedo01
598,Ted Lyons#,28,CHW,AL,40,104,91,7,20,4,0,0,11,0,0,9,13,.220,.290,.264,.554,45,24,,0,4,,0,1/H9,lyonste01
599,Terry Lyons,20,PHI,NL,1,0,0,0,0,0,0,0,0,0,0,0,0,,,,,,0,,0,0,,0,/3,lyonste02
600,Danny MacFayden,24,BOS,AL,32,80,74,6,13,2,0,0,2,0,0,2,21,.176,.197,.203,.400,4,15,,0,4,,0,1,macfada01
601,Pat Malone*,26,CHC,NL,40,109,105,8,22,3,0,2,11,0,0,4,23,.210,.239,.295,.534,31,31,,0,0,,0,1,malonpa02
602,Firpo Marberry,30,WSH,AL,49,92,81,9,19,3,1,0,11,0,1,5,14,.235,.287,.296,.584,50,24,,1,5,,0,1,marbefi01
603,Marshall?,--,BBB,NNL,1,0,0,0,0,0,0,0,0,0,,0,,,,,,,0,,0,0,,,/2,marsh03
604,Doc Marshall,23,NYG,NL,5,17,15,6,6,2,0,0,2,0,0,1,0,.400,.438,.533,.971,139,8,,0,1,,0,/4H,marshdo02
605,Jack Marshall,34,CAG,NNL,14,36,31,3,6,0,0,0,3,0,,0,,.194,.194,.194,.387,1,6,,0,5,,,1/3,marshja02
606,Cloy Mattox*,26,PHA,AL,3,7,6,0,1,0,0,0,0,0,0,1,1,.167,.286,.167,.452,17,1,,0,0,,0,/2,mattocl01
607,Jakie May,33,CIN,NL,41,67,64,5,13,3,0,0,4,0,0,0,13,.203,.203,.250,.453,14,16,,0,3,,0,1,mayja01
608,Carl Mays*,37,NYG,NL,37,41,34,3,12,1,0,0,5,0,0,5,2,.353,.436,.382,.818,105,13,,0,2,,0,1,maysca01
609,Elliott Mayweather?,--,MRS,NNL,1,2,2,0,0,0,0,0,0,0,,0,,.000,.000,.000,.000,-100,0,,0,0,,,/1,mayweel01
610,Bob McClure,38,AC,ANL,27,40,35,3,8,1,0,0,3,0,,2,,.229,.270,.257,.527,29,9,,0,3,,,1,mcclubo02
611,Frank McCoy*,23,CSE,ANL,2,6,6,1,3,1,0,0,2,0,,0,,.500,.500,.667,1.167,182,4,,0,0,,,/1,mccoyfr01
612,Paul McCullough,30,WSH,AL,3,1,1,0,0,0,0,0,0,0,0,0,1,.000,.000,.000,.000,-100,0,,0,0,,0,/1,mcculpa01
613,Luther McDonald?,23,SLS,NNL,13,17,14,4,5,1,0,0,2,0,,2,,.357,.438,.429,.866,127,6,,0,1,,,1,mcdonlu01
614,Webster McDonald*,29,TOT,MLB,7,24,22,3,6,1,0,0,2,0,,0,,.273,.273,.318,.591,51,7,,0,2,,,/1,mcdonwe01
615,Bob McGraw,34,PHI,NL,41,23,20,2,4,0,1,0,1,0,0,1,4,.200,.238,.300,.538,29,6,,0,1,,0,1,mcgrabo01
616,Hal McKain*,22,CHW,AL,34,56,44,5,10,1,0,0,1,0,0,9,8,.227,.370,.250,.620,64,11,,1,1,,0,1,mckaiha01
617,Hugh McMullen#,27,CIN,NL,1,1,1,0,0,0,0,0,0,0,0,0,0,.000,.000,.000,.000,-100,0,,0,0,,0,/2,mcmulhu01
618,Doug McWeeny,32,BRO,NL,36,57,48,3,5,0,0,0,1,0,0,6,17,.104,.204,.104,.308,-21,5,,0,3,,0,1,mcweedo01
619,Lee Meadows*,34,PIT,NL,1,1,1,0,0,0,0,0,0,0,0,0,0,.000,.000,.000,.000,-100,0,,0,0,,0,/1,meadole01
620,Heinie Meine,33,PIT,NL,22,44,39,6,4,1,1,0,5,0,0,2,1,.103,.146,.179,.326,-21,7,,0,3,,0,1,meinehe01
621,Johnny Miljus,34,CLE,AL,34,45,43,7,11,4,1,0,5,0,1,0,12,.256,.256,.395,.651,63,17,,0,2,,0,1,miljujo01
622,Miller?,--,AC,ANL,1,1,1,0,0,0,0,0,0,0,,0,,.000,.000,.000,.000,-100,0,,0,0,,,/1,mille06
623,Elmer Miller*,26,PHI,NL,31,39,38,3,9,1,0,1,4,0,0,1,5,.237,.256,.342,.599,43,13,,0,0,,0,H/19,milleel02
624,Rudy Miller,28,PHA,AL,2,7,4,1,1,0,0,0,1,0,0,3,0,.250,.571,.250,.821,115,1,,0,0,,0,/5,milleru02
625,John Milligan,25,PHI,NL,8,3,3,0,1,0,0,0,1,0,0,0,0,.333,.333,.333,.667,62,1,,0,0,,0,/1,millijo02
626,Juanelo Mirabal,28,CSE,ANL,11,18,17,2,2,0,0,0,1,0,,1,,.118,.167,.118,.284,-30,2,,0,0,,,1,mirabju01
627,Alonzo Mitchell,24,AC,ANL,7,8,8,2,4,0,0,0,0,0,,0,,.500,.500,.500,1.000,144,4,,0,0,,,/1,mitchal01
628,Bud Mitchell?,--,HIL,ANL,4,7,6,1,0,0,0,0,0,0,,0,,.000,.000,.000,.000,-100,0,,0,1,,,/937,mitchbu01
629,George Mitchell,29,DS,NNL,25,50,47,7,11,0,1,1,4,0,,1,,.234,.250,.340,.590,52,16,,0,2,,,1/3,mitchge01
630,Guillermo Molina?,20,CSW,NNL,6,6,4,0,1,0,0,0,0,0,,0,,.250,.250,.250,.500,31,1,,0,2,,,/1,molingu02
631,Willis Moody*,30,HG,ANL,1,4,4,0,1,0,0,0,2,0,,0,,.250,.250,.250,.500,22,1,,0,0,,,/7,moodywi01
632,Cy Moore,24,BRO,NL,32,19,16,1,3,0,0,0,0,0,0,1,1,.188,.235,.188,.423,7,3,,0,1,,0,1,moorecy01
633,Jim Moore,25,CLE,AL,2,2,2,0,0,0,0,0,0,0,0,0,0,.000,.000,.000,.000,-100,0,,0,0,,0,/1,mooreji01
634,John Moore?,--,BBB,NNL,3,8,7,1,1,0,0,0,0,0,,1,,.143,.250,.143,.393,5,1,,0,0,,,/6,moorejo03
635,Johnny Moore*,27,CHC,NL,37,69,63,13,18,1,0,2,8,0,0,4,6,.286,.338,.397,.735,81,25,,1,1,,0,H7/89,moorejo01
636,Wilcy Moore,32,NYY,AL,41,16,15,2,1,0,0,0,0,0,0,0,8,.067,.067,.067,.133,-65,1,,0,1,,0,1,moorewi01
637,Ed Morris,29,BOS,AL,33,79,69,6,16,3,1,1,5,0,0,3,17,.232,.264,.348,.612,58,24,,0,7,,0,1,morried02
638,Yellow Horse Morris,27,CAG,NNL,19,46,35,2,8,1,0,0,4,0,,4,,.229,.325,.257,.582,54,9,,1,6,,,1,morriye01
639,Johnny Morrison,33,BRO,NL,39,46,43,5,7,0,0,0,0,0,0,2,6,.163,.200,.163,.363,-8,7,,0,1,,0,1,morrijo04
640,Bud Morse*,24,PHA,AL,8,27,27,1,2,0,0,0,0,0,0,0,2,.074,.074,.074,.148,-62,2,,0,0,,0,/4,morsebu01
641,Jim Mosolf*,23,PIT,NL,8,14,13,3,6,1,1,0,2,0,0,1,1,.462,.500,.692,1.192,189,9,,0,0,,0,/H7,mosolji01
642,Ray Moss,27,BRO,NL,42,73,66,9,5,1,0,0,3,0,0,4,17,.076,.141,.091,.232,-41,6,,1,2,,0,1/H,mossra01
643,Glenn Myatt*,31,CLE,AL,59,141,129,14,30,4,1,1,17,0,1,7,5,.233,.277,.302,.580,47,39,,1,4,,0,2H,myattgl01
644,Arthur Nance,--,CAG,NNL,3,8,8,0,0,0,0,0,0,0,,0,,.000,.000,.000,.000,-100,0,,0,0,,,/64,nancear01
645,George Nash?,22,MRS,NNL,2,2,1,0,0,0,0,0,0,0,,1,,.000,.500,.000,.500,42,0,,0,0,,,/1,nashge01
646,Leonard Nash?,--,CAG,NNL,1,2,1,0,0,0,0,0,0,0,,0,,.000,.000,.000,.000,-100,0,,0,1,,,/7,nashle01
647,Art Nehf*,36,CHC,NL,32,51,45,3,13,3,0,0,5,0,0,5,3,.289,.360,.356,.716,78,16,,0,1,,0,1,nehfar01
648,Bots Nekola*,22,NYY,AL,9,5,4,1,2,1,0,0,1,0,0,0,1,.500,.500,.750,1.250,226,3,,0,1,,0,/1,nekolbo01
649,Bobo Newsom,21,BRO,NL,3,2,2,0,0,0,0,0,0,0,0,0,1,.000,.000,.000,.000,-100,0,,0,0,,0,/1,newsobo01
650,Omer Newsome,29,MRS,NNL,4,6,6,2,3,0,0,0,0,0,,0,,.500,.500,.500,1.000,161,3,,0,0,,,/1,newsoom01
651,John O'Connell,25,PIT,NL,2,8,7,1,1,1,0,0,0,0,0,1,1,.143,.250,.286,.536,31,2,,0,0,,0,/2,o'conjo03
652,Joe O'Rourke*,24,PHI,NL,3,3,3,0,0,0,0,0,0,0,0,0,1,.000,.000,.000,.000,-100,0,,0,0,,0,/H,o'roujo02
653,Johnnie Oden,26,TOT,NNL,37,143,132,14,30,1,0,2,13,0,,8,,.227,.271,.280,.552,44,37,,0,3,,,5/4,odenjo01
654,Jack Ogden,31,SLB,AL,34,50,45,4,11,1,0,0,7,0,0,3,9,.244,.292,.267,.558,43,12,,0,2,,0,1,ogdenja01
655,Ossie Orwoll*,28,PHA,AL,30,53,51,6,13,2,1,0,6,0,0,2,11,.255,.283,.333,.616,56,17,,0,0,,0,1H/87,orwolos01
656,Bob Osborn,26,CHC,NL,3,4,4,0,1,0,0,0,0,0,0,0,1,.250,.250,.250,.500,24,1,,0,0,,0,/1,osborbo01
657,Phil Page,23,DET,AL,10,8,8,0,1,0,0,0,1,0,0,0,0,.125,.125,.125,.250,-35,1,,0,0,,0,1,pageph01
658,Satchel Paige,22,BBB,NNL,34,105,98,8,16,1,1,1,6,0,,2,,.163,.180,.224,.404,5,22,,0,5,,,1/97,paigesa01
659,Willie Parker?,--,MRS,NNL,1,1,1,1,1,1,0,0,0,0,,0,,1.000,1.000,2.000,3.000,663,2,,0,0,,,/7,parkewi01
660,Roy Parmelee,22,NYG,NL,2,2,2,1,1,0,0,0,0,0,0,0,0,.500,.500,.500,1.000,149,1,,0,0,,0,/1,parmero01
661,Jimmy Pattison*,20,BRO,NL,6,2,2,0,1,0,0,0,0,0,0,0,1,.500,.500,.500,1.000,151,1,,0,0,,0,/1,pattiji01
662,Red Peery*,22,BSN,NL,10,17,14,3,3,0,0,0,2,0,0,3,5,.214,.353,.214,.567,47,3,,0,0,,0,/1H,peeryre01
663,L. Peña?,--,CSW,NNL,38,124,115,12,29,3,1,1,11,0,,3,,.252,.271,.322,.593,54,37,,0,6,,,32/5,penal01
664,Ken Penner*,33,CHC,NL,5,4,4,0,1,0,0,0,1,0,0,0,1,.250,.250,.250,.500,24,1,,0,0,,0,/1,penneke01
665,Herb Pennock#,35,NYY,AL,27,61,51,4,9,0,0,0,1,0,0,4,6,.176,.236,.176,.413,11,9,,0,6,,0,1,pennohe01
666,Henry Peploski*,23,BSN,NL,6,12,10,1,2,0,0,0,1,0,0,1,3,.200,.273,.200,.473,22,2,,0,1,,0,/H5,peplohe01
667,José Pérez,30,CSE,ANL,55,239,210,36,61,11,2,0,23,0,,17,,.290,.361,.362,.722,76,76,,6,6,,,*3/2,perezjo01
668,Cy Perkins,33,PHA,AL,38,84,76,4,16,4,0,0,9,0,0,5,4,.211,.259,.263,.522,33,20,,0,3,,1,2/H,perkicy01
669,Verne Perkins,--,BBB,NNL,1,4,3,1,1,0,0,0,0,0,,1,,.333,.500,.333,.833,121,1,,0,0,,,/5,perkive01
670,Jesse Petty,34,PIT,NL,36,69,67,2,7,1,0,0,6,0,0,1,17,.104,.118,.119,.237,-42,8,,0,1,,0,1,pettyje01
671,Eddie Phillips,28,DET,AL,68,250,221,24,52,13,1,2,21,0,1,20,16,.235,.302,.330,.632,63,73,,1,7,,0,2/H,philled01
672,George Pipgras,29,NYY,AL,39,93,84,6,12,2,0,0,5,0,0,5,19,.143,.191,.167,.358,-5,14,,0,4,,0,1,pipgrge01
673,Robert Poindexter,31,TOT,NNL,10,18,15,1,2,0,0,0,0,0,,1,,.133,.188,.133,.321,-15,2,,0,2,,,/1,poindro01
674,Wilbert Pritchett?,32,HIL,ANL,10,22,20,1,1,0,0,0,0,0,,0,,.050,.050,.050,.100,-76,1,,0,2,,,1,pritcwi01
675,Augie Prudhomme,26,DET,AL,34,24,21,2,5,2,0,0,0,0,0,3,8,.238,.333,.333,.667,72,7,,0,0,,0,1,prudhau01
676,Jack Quinn,45,PHA,AL,35,64,60,2,8,2,0,0,3,0,0,0,20,.133,.133,.167,.300,-24,10,,0,4,,0,1,quinnja01
677,Alex Radcliff,23,CAG,NNL,1,4,2,0,0,0,0,0,0,0,,0,,.000,.000,.000,.000,-100,0,,0,2,,,/6,radclal01
678,Connie Rector,37,NLG,ANL,30,104,99,11,23,10,0,2,24,0,,3,,.232,.255,.394,.649,56,39,,0,2,,,1/79,rectoco01
679,Billy Rhiel,28,BRO,NL,76,228,205,27,57,9,4,4,25,0,1,19,25,.278,.339,.420,.759,88,86,,0,4,,1,4H/56,rhielbi01
680,Gordon Rhodes,21,NYY,AL,10,14,10,0,3,0,0,0,0,0,0,1,5,.300,.364,.300,.664,77,3,,0,3,,0,1,rhodego01
681,Harry Riconda,32,PIT,NL,8,17,15,3,7,2,0,0,2,0,1,0,0,.467,.467,.600,1.067,159,9,,0,2,,0,/H6,riconha01
682,Eppa Rixey,38,CIN,NL,35,71,65,2,15,1,0,0,1,0,0,1,13,.231,.242,.246,.489,24,16,,0,5,,0,1,rixeyep01
683,Roy Roberts,35,AC,ANL,4,11,8,1,1,0,0,0,0,0,,2,,.125,.300,.125,.425,7,1,,0,1,,,/1,roberro02
684,Wally Roettger,26,STL,NL,79,289,269,27,68,11,3,3,42,0,1,13,27,.253,.287,.349,.637,55,94,,0,7,,1,97H,roettwa01
685,Ed Roetz,23,SLB,AL,16,52,45,7,11,4,1,0,5,0,0,4,6,.244,.306,.378,.684,73,17,,0,2,,0,/6345,roetzed01
686,Eddie Rommel,31,PHA,AL,32,45,39,2,8,1,0,0,4,0,0,2,7,.205,.244,.231,.475,21,9,,0,4,,0,1,rommeed01
687,Charlie Root,30,CHC,NL,43,105,96,8,15,3,4,1,15,0,0,4,28,.156,.190,.302,.492,20,29,,0,5,,0,1,rootch01
688,Basilio Rosell?,27,CSE,ANL,11,32,27,4,8,2,0,0,2,0,,2,,.296,.367,.370,.737,80,10,,1,2,,,1,roselba01
689,William Ross?,35,HG,ANL,4,16,13,0,1,0,0,0,0,0,,2,,.077,.200,.077,.277,-30,1,,0,1,,,/1,rosswi01
690,Luther Roy,26,TOT,NL,23,40,33,2,9,0,0,0,4,0,0,7,6,.273,.400,.273,.673,66,9,,0,0,,0,1,roylu01
691,Ormsby Roy?,24,HG,ANL,1,3,3,0,0,0,0,0,0,0,,0,,.000,.000,.000,.000,-100,0,,0,0,,,/6,royor01
692,Muddy Ruel,33,WSH,AL,69,225,188,16,46,4,2,0,20,0,5,31,7,.245,.352,.287,.639,66,54,,0,5,,4,2/H,ruelmu01
693,Red Ruffing,24,BOS,AL,60,121,114,9,35,9,0,2,17,0,0,2,13,.307,.325,.439,.763,97,50,,1,3,,0,1H/7,ruffire01
694,Silvino Ruiz,28,CSE,ANL,10,18,15,3,3,0,0,0,2,0,,2,,.200,.294,.200,.494,22,3,,0,1,,,/13,ruizsi01
695,Jack Russell,23,BOS,AL,37,80,70,5,9,0,0,0,2,0,0,5,22,.129,.187,.129,.315,-16,9,,0,5,,0,1/H,russeja01
696,Jack Ryan,24,BOS,AL,2,3,3,0,0,0,0,0,0,0,0,0,0,.000,.000,.000,.000,-100,0,,0,0,,0,/7H9,ryanja03
697,Red Ryan,31,TOT,ANL,24,54,47,12,13,3,1,1,7,0,,3,,.277,.320,.447,.767,85,21,,0,4,,,1/9,ryanre01
698,Ben Sankey,21,PIT,NL,2,8,7,1,1,0,0,0,0,0,0,0,1,.143,.143,.143,.286,-30,1,,0,1,,0,/6,sankebe01
699,Don Savidge,20,WSH,AL,3,0,0,0,0,0,0,0,0,0,0,0,0,,,,,,0,,0,0,,0,/1,saviddo01
700,Ray Schalk,36,NYG,NL,5,2,2,0,0,0,0,0,0,0,0,0,1,.000,.000,.000,.000,-100,0,,0,0,,0,/2,schalra01
701,Johnny Schulte*,32,CHC,NL,31,78,69,6,18,3,0,0,9,0,1,7,11,.261,.329,.304,.633,58,21,,0,2,,0,2/H,schuljo04
702,Jack Scott*,37,NYG,NL,30,30,26,6,8,3,0,0,1,0,0,2,0,.308,.379,.423,.802,99,11,,1,0,,0,1,scottja01
703,Socks Seibold,33,BSN,NL,33,78,70,6,20,2,0,0,9,0,0,6,6,.286,.342,.314,.656,67,22,,0,2,,0,1,seiboso01
704,Joe Shaute*,29,CLE,AL,26,65,58,4,17,5,0,0,7,0,0,2,11,.293,.317,.379,.696,76,22,,0,5,,0,1,shautjo01
705,Ted Shaw,23,DS,NNL,21,63,59,4,14,1,0,0,4,0,,2,,.237,.262,.254,.517,35,15,,0,2,,,1,shawte01
706,Bill Sherdel*,32,STL,NL,33,78,70,5,16,1,1,1,8,0,0,2,4,.229,.250,.314,.564,37,22,,0,6,,0,1,sherdbi01
707,Roy Sherid,22,NYY,AL,33,57,50,1,9,1,0,0,5,0,0,4,19,.180,.241,.200,.441,18,10,,0,3,,0,1,sheriro01
708,Jimmy Shields?,23,AC,ANL,25,33,27,8,6,1,0,0,2,0,,3,,.222,.300,.259,.559,37,7,,0,3,,,1/46,shielji01
709,Milt Shoffner*,23,CLE,AL,11,15,15,1,0,0,0,0,0,0,0,0,2,.000,.000,.000,.000,-100,0,,0,0,,0,1,shoffmi01
710,Bill Shores,25,PHA,AL,39,52,40,5,5,0,0,0,0,0,0,6,16,.125,.239,.125,.364,-5,5,,0,6,,0,1,shorebi01
711,Frank Sigafoos,25,TOT,AL,21,36,26,4,5,1,0,0,3,0,2,7,5,.192,.364,.231,.594,56,6,,0,2,,0,/456H,sigaffr01
712,Tripp Sigman*,30,PHI,NL,10,32,29,8,15,1,0,2,9,0,0,3,1,.517,.563,.759,1.321,217,22,,0,0,,1,/87H,sigmatr01
713,Pat Simmons,20,BOS,AL,2,1,1,0,0,0,0,0,0,0,0,0,0,.000,.000,.000,.000,-100,0,,0,0,,0,/1,simmopa01
714,Earl Smith*,32,STL,NL,57,164,145,9,50,8,0,1,22,0,1,18,6,.345,.417,.421,.838,106,61,,0,1,,1,2/H,smithea02
715,George Smith,27,DET,AL,14,15,12,3,5,1,0,0,2,0,0,2,1,.417,.500,.500,1.000,158,6,,0,0,,0,1,smithge03
716,Herb Smith?,22,BBS,ANL,5,10,5,1,1,0,0,0,2,0,,3,,.200,.500,.200,.700,76,1,,0,2,,,/1,smithhe03
717,Jack Smith*,34,BSN,NL,19,24,20,2,5,0,0,0,2,0,0,2,2,.250,.318,.250,.568,46,5,,0,2,,0,H/897,smithja03
718,Harry Smythe*,24,PHI,NL,20,27,26,3,5,1,0,0,2,0,0,1,3,.192,.222,.231,.453,10,6,,0,0,,0,1/H,smythha01
719,Miguel Solís,23,CSE,ANL,33,142,130,17,29,2,3,1,13,0,,7,,.223,.268,.308,.576,40,40,,1,4,,,5/96,solismi01
720,Vic Sorrell,28,DET,AL,36,88,83,9,12,1,0,0,6,0,0,1,28,.145,.155,.157,.311,-20,13,,0,4,,0,1,sorrevi01
721,Billy Southworth*,36,STL,NL,19,34,32,1,6,2,0,0,3,0,0,2,4,.188,.235,.250,.485,19,8,,0,0,,0,H/9,southbi01
722,Roy Spencer,29,WSH,AL,50,130,116,18,18,4,0,1,9,0,0,8,15,.155,.222,.216,.438,13,25,,2,4,,1,2H,spencro01
723,Jerry Standaert,27,BOS,AL,19,21,18,1,3,2,0,0,4,0,0,3,2,.167,.286,.278,.563,47,5,,0,0,,0,H3,standje01
724,Neck Stanley*,24,TOT,ANL,19,34,30,3,2,1,0,0,1,0,,2,,.067,.152,.100,.252,-38,3,,1,1,,,1,stanlne01
725,Otis Starks?,31,AC,ANL,1,3,2,1,0,0,0,0,0,0,,1,,.000,.333,.000,.333,-13,0,,0,0,,,/1,starkot01
726,Frank Stephens?,31,AC,ANL,1,0,0,0,0,0,0,0,0,0,,0,,,,,,,0,,0,0,,,/1,stephfr01
727,N. Stevens?,--,DS,NNL,26,100,88,10,28,4,1,1,16,0,,9,,.318,.381,.420,.802,109,37,,0,3,,,2,steven01
728,Lefty Stewart,28,SLB,AL,23,58,51,3,6,3,0,0,8,0,0,1,13,.118,.135,.176,.311,-22,9,,0,6,,0,1,stewale01
729,Stuffy Stewart,35,WSH,AL,22,7,6,10,0,0,0,0,0,0,1,1,0,.000,.143,.000,.143,-60,0,,0,0,,0,H/4,stewast01
730,Fred Stiely*,28,SLB,AL,1,3,3,1,2,1,0,0,0,0,0,0,0,.667,.667,1.000,1.667,318,3,,0,0,,0,/1,stielfr01
731,Lil Stoner,30,DET,AL,24,15,15,0,1,0,0,0,0,0,0,0,3,.067,.067,.067,.133,-66,1,,0,0,,0,1,stoneli01
732,Sam Streeter,28,HG,ANL,30,84,80,6,28,5,1,0,8,0,,0,,.350,.350,.438,.788,91,35,,0,4,,,1/9,streesa01
733,Ed Strelecki,24,SLB,AL,7,2,2,1,0,0,0,0,0,0,0,0,1,.000,.000,.000,.000,-100,0,,0,0,,0,/1,streled01
734,Jim Stroner,28,PIT,NL,6,9,8,0,3,1,0,0,0,0,0,1,0,.375,.444,.500,.944,131,4,,0,0,,0,/H5,stronji01
735,Joe Strong*,26,TOT,ANL,23,49,45,6,9,2,0,2,8,0,,4,,.200,.265,.378,.643,55,17,,0,0,,,1,stronjo02
736,George Susce,21,PHI,NL,17,19,17,5,5,3,0,1,1,0,0,1,2,.294,.368,.647,1.015,140,11,,1,0,,0,2/H,suscege01
737,Karl Swanson*,28,CHW,AL,2,2,1,0,0,0,0,0,0,0,0,0,0,.000,.000,.000,.000,-100,0,,0,0,,0,/H,swanska01
738,Les Sweetland,27,PHI,NL,53,94,89,14,26,2,0,0,12,0,0,3,18,.292,.323,.315,.637,55,28,,1,1,,0,1H,sweetle01
739,Steve Swetonic,25,PIT,NL,42,52,48,11,13,3,1,0,2,0,0,2,6,.271,.314,.375,.689,68,18,,1,1,,0,1/H,swetost01
740,Doug Taitt*,26,TOT,AL,73,211,189,17,39,11,0,0,18,0,1,16,18,.206,.272,.265,.536,40,50,,1,4,,1,9H7,taittdo01
741,Candy Jim Taylor,45,SLS,NNL,4,8,8,0,0,0,0,0,0,0,,0,,.000,.000,.000,.000,-100,0,,0,0,,,/15,tayloca02
742,Danny Taylor,28,CHC,NL,2,4,3,0,0,0,0,0,0,0,0,1,1,.000,.250,.000,.250,-32,0,,0,0,,0,/H9,tayloda01
743,Zack Taylor,30,TOT,NL,98,352,316,37,84,23,3,1,41,0,0,26,27,.266,.326,.367,.693,72,116,,2,8,,1,2/H,tayloza02
744,Jim Tennant,22,NYG,NL,1,0,0,0,0,0,0,0,0,0,0,0,0,,,,,,0,,0,0,,0,/1,tennaji01
745,Herb Thomas?,19,NLG,ANL,14,20,17,1,1,0,0,0,2,0,,1,,.059,.111,.059,.170,-58,1,,0,2,,,1/9,thomahe02
746,L. Thomas?,--,BBB,NNL,9,28,25,1,2,0,0,0,0,0,,2,,.080,.148,.080,.228,-39,2,,0,1,,,/27,thomal04
747,Myles Thomas,31,TOT,AL,27,58,55,6,15,1,0,0,4,0,0,2,6,.273,.298,.291,.589,52,16,,0,1,,0,1,thomamy01
748,Tommy Thomas,29,CHW,AL,37,104,98,9,25,4,0,0,10,0,0,5,14,.255,.291,.296,.587,53,29,,0,1,,0,1/H,thomato02
749,Charles Tolson,30,CHC,NL,32,123,109,13,28,5,0,1,19,0,1,9,16,.257,.325,.330,.655,63,36,,2,3,,0,3/H,tolsoch01
750,Clay Touchstone,26,BSN,NL,1,1,1,0,1,0,0,0,0,0,0,0,0,1.000,1.000,1.000,2.000,408,1,,0,0,,0,/1,touchcl01
751,Ted Trent,25,SLS,NNL,27,60,55,4,4,1,1,0,1,0,,1,,.073,.089,.127,.217,-44,7,,0,4,,,1,trentte01
752,Steel Arm Tyler?,23,DS,NNL,18,35,33,1,5,0,0,1,1,0,,0,,.152,.152,.242,.394,1,8,,0,2,,,1/9,tylerst01
753,George Uhle,30,DET,AL,40,116,108,18,37,1,1,0,13,0,0,6,6,.343,.377,.370,.748,93,40,,0,2,,0,1/H,uhlege01
754,Dazzy Vance,38,BRO,NL,31,82,74,4,10,3,0,0,1,0,0,5,21,.135,.200,.176,.376,-5,13,,1,2,,0,1,vanceda01
755,Elam Vangilder,33,DET,AL,6,1,1,0,0,0,0,0,0,0,0,0,0,.000,.000,.000,.000,-100,0,,0,0,,0,/1,vangiel01
756,Pat Veltman,23,NYG,NL,2,3,1,1,0,0,0,0,0,0,0,2,0,.000,.667,.000,.667,81,0,,0,0,,0,/2H,veltmpa01
757,Johnnie Vivens?,33,SLS,NNL,1,3,2,0,0,0,0,0,0,0,,0,,.000,.000,.000,.000,-100,0,,0,1,,,/1,vivenjo01
758,Phil Voyles*,29,BSN,NL,20,79,68,9,16,0,2,0,14,0,1,6,8,.235,.297,.294,.591,50,20,,0,5,,0,8/H,voyleph01
759,Rube Walberg*,32,PHA,AL,40,112,103,11,23,2,0,1,11,0,0,3,17,.223,.245,.272,.517,31,28,,0,6,,0,1,walberu01
760,Ed Walsh,24,CHW,AL,25,48,43,5,10,2,1,0,6,0,0,3,9,.233,.298,.326,.623,62,14,,1,1,,0,1/H,walshed02
761,Jasper Washington,32,HG,ANL,42,166,150,19,53,9,2,1,36,0,,8,,.353,.398,.460,.858,108,69,,3,5,,,3/5,washija01
762,Bob Weiland*,23,CHW,AL,15,21,18,0,2,0,0,0,0,0,0,2,10,.111,.200,.111,.311,-17,2,,0,1,,0,1,weilabo01
763,Ed Wells*,29,NYY,AL,31,84,74,8,17,0,0,0,7,0,0,6,8,.230,.296,.230,.526,41,17,,1,3,,0,1,wellsed01
764,Julie Wera,27,NYY,AL,5,14,12,1,5,0,0,0,2,0,0,1,1,.417,.462,.417,.878,133,5,,0,1,,0,/5H,weraju01
765,Johnny Werts,31,BSN,NL,4,1,1,0,1,0,0,0,0,0,0,0,0,1.000,1.000,1.000,2.000,408,1,,0,0,,0,/1,wertsjo01
766,Max West,24,BRO,NL,5,10,8,1,2,1,0,0,1,0,0,1,0,.250,.333,.375,.708,77,3,,0,1,,0,/H87,westma01
767,Al Weston,23,BSN,NL,3,3,3,0,0,0,0,0,0,0,0,0,2,.000,.000,.000,.000,-100,0,,0,0,,0,/H,westoal01
768,Earl Whitehill*,30,DET,AL,38,100,90,10,23,2,0,3,11,0,0,6,17,.256,.302,.378,.680,74,34,,0,4,,0,1,whiteea01
769,Bobby Williams,33,AC,ANL,14,45,37,5,7,1,0,0,3,0,,5,,.189,.286,.216,.502,24,8,,0,3,,,/654,willibo02
770,Cy Williams*,41,PHI,NL,66,89,65,11,19,2,0,5,21,0,2,22,9,.292,.471,.554,1.025,147,36,,0,2,,1,H/879,willicy01
771,Elbert Williams?,21,HG,ANL,2,2,2,0,0,0,0,0,0,0,,0,,.000,.000,.000,.000,-100,0,,0,0,,,/1,williel01
772,Joe Williams,43,HG,ANL,19,55,53,5,6,1,0,0,3,0,,2,,.113,.145,.132,.278,-32,7,,0,0,,,1,willijo99
773,Lefty Williams*,34,HG,ANL,19,49,40,6,7,1,0,0,3,0,,4,,.175,.267,.200,.467,15,8,,1,4,,,1/9,willile06
774,Claude Willoughby,30,PHI,NL,49,98,91,6,13,1,0,0,5,0,0,6,25,.143,.196,.154,.350,-14,14,,0,1,,0,1,willocl01
775,Hubert Wilson?,26,KCM,NNL,11,25,21,6,4,2,0,0,3,0,,1,,.190,.227,.286,.513,33,6,,0,3,,,1,wilsohu01
776,Bill Windle*,24,PIT,NL,2,1,1,0,0,0,0,0,0,0,0,0,1,.000,.000,.000,.000,-100,0,,0,0,,0,/3H,windlbi01
777,Ed Wineapple*,23,WSH,AL,1,2,2,0,0,0,0,0,0,0,0,0,1,.000,.000,.000,.000,-100,0,,0,0,,0,/1,wineaed01
778,Ivey Wingo*,38,CIN,NL,1,1,1,0,0,0,0,0,0,0,0,0,0,.000,.000,.000,.000,-100,0,,0,0,,0,/2,wingoiv01
779,Larry Woodall,34,DET,AL,1,1,1,0,0,0,0,0,0,0,0,0,0,.000,.000,.000,.000,-100,0,,0,0,,0,/H,woodala01
780,Glenn Wright,28,BRO,NL,24,30,25,4,5,0,0,1,6,0,0,3,6,.200,.286,.320,.606,51,8,,0,2,,0,H/6,wrighgl01
781,Whit Wyatt,21,DET,AL,4,10,10,0,1,0,0,0,0,0,0,0,1,.100,.100,.100,.200,-48,1,,0,0,,0,/1,wyattwh01
782,Willie Wyatt?,--,DS,NNL,1,2,2,0,0,0,0,0,0,0,,0,,.000,.000,.000,.000,-100,0,,0,0,,,/2,wyattwi01
783,Emil Yde#,29,DET,AL,46,52,48,8,16,1,1,0,3,0,0,3,6,.333,.373,.396,.768,98,19,,0,1,,0,1H/8,ydeem01
784,Carroll Yerkes,26,PHA,AL,19,11,10,1,0,0,0,0,0,0,0,0,4,.000,.000,.000,.000,-100,0,,0,0,,0,1,yerkeca01
785,Tom Zachary*,33,NYY,AL,26,49,42,3,10,1,0,0,5,0,0,1,8,.238,.273,.262,.535,42,11,,1,5,,0,1,zachato01
786,Paul Zahniser,32,CIN,NL,1,0,0,0,0,0,0,0,0,0,0,0,0,,,,,,0,,0,0,,0,/1,zahnipa01
787,Jimmy Zinn*,34,CLE,AL,20,51,42,7,16,4,1,1,8,0,0,4,2,.381,.447,.595,1.042,163,25,,1,3,,0,1/H,zinnji01