1,Garnett Blair,236,18,1942,1948,20-26,9,4,.692,13,1.70,18,16,8,2,0,121.2,92,35,23,0,36,0,53,2,0,1,351,236,1.96,1.052,6.8,0.0,2.7,3.9,1.47,1,HG,blairga01
2,Roy Parnell,201,12,1927,1943,23-39,5,3,.625,8,1.86,12,8,6,2,0,72.2,55,24,15,0,24,,31,3,,0,5,201,0.04,1.087,6.8,0.0,3.0,3.8,1.29,*7891/534,BBBCEGMRMNEGPS,parnero01
3,Lázaro Salazar,199,11,1930,1936,17-23,4,2,.667,6,2.36,11,7,5,1,0,61.0,45,21,16,4,13,,36,1,,1,187,199,2.81,0.951,6.6,0.6,1.9,5.3,2.77,7831/9,CSWCUPNYC,salazla01
4,Ford Smith,199,26,1941,1948,22-29,14,6,.700,20,2.29,26,16,13,3,2,169.1,138,58,43,3,53,0,106,7,0,3,608,199,2.46,1.128,7.3,0.2,2.8,5.6,2.00,18/973,KCM,smithfo01
5,Ben Taylor,192,16,1920,1929,31-40,2,1,.667,3,2.00,16,1,1,1,1,36.0,31,10,8,1,8,,12,0,,0,145,192,3.28,1.083,7.8,0.3,2.0,3.0,1.50,*31/96,ABCACBBSHBGWP,taylobe99
6,Lino Donoso,183,13,1947,1947,24-24,5,2,.714,7,2.18,13,9,4,1,1,78.1,61,28,19,4,25,0,64,0,0,1,316,183,2.66,1.098,7.0,0.5,2.9,7.4,2.56,1,NYC,donosli01
7,Gene Richardson,182,11,1947,1948,19-20,5,3,.625,8,2.64,11,8,4,0,0,71.2,66,35,21,1,30,0,66,3,0,0,315,182,2.44,1.340,8.3,0.1,3.8,8.3,2.20,1,KCM,richage02
8,Bill Powell,174,13,1946,1948,27-29,10,2,.833,12,2.68,13,13,9,1,0,94.0,94,34,28,5,34,0,71,3,0,1,408,174,3.06,1.362,9.0,0.5,3.3,6.8,2.09,1,BBB,powelbi02
9,Dave Brown,169,115,1920,1925,23-28,62,22,.738,84,2.39,115,75,59,11,4,746.2,595,269,198,6,222,,492,34,,7,2308,169,2.18,1.094,7.2,0.1,2.7,5.9,2.22,1/9,CAGNLG,brownda02
10,Jay Heard,168,13,1946,1948,26-28,5,2,.714,7,2.72,13,6,3,0,0,43.0,47,19,13,2,13,0,30,1,0,0,187,168,2.83,1.395,9.8,0.4,2.7,6.3,2.31,1/7,BBB,heardja01
11,Satchel Paige,166,219,1927,1947,20-40,93,50,.650,143,2.47,219,169,88,18,11,1253.2,1012,455,344,15,273,3,1192,17,0,17,3032,166,1.21,1.025,7.3,0.1,2.0,8.6,4.37,1/397,BBBCCUKCMMRSNBYPC,paigesa01
12,Bill Foster,164,238,1923,1937,19-33,110,56,.663,166,2.63,238,165,127,31,12,1499.2,1281,574,438,25,477,1,922,38,0,11,3582,164,1.80,1.172,7.7,0.2,2.9,5.5,1.93,1/9387,BBBCAGMRSPC,fostebi99
13,Smoky Owens,163,23,1938,1942,26-30,10,4,.714,14,2.40,23,16,9,1,2,123.2,108,48,33,0,33,,36,6,,1,13,163,0.05,1.140,7.9,0.0,2.4,2.6,1.09,1/79,CBRCCBJRC,owenssm01
14,Dick Matthews,161,16,1932,1932,,11,2,.846,13,2.17,16,14,9,3,0,116.1,93,34,28,,18,,59,1,,0,,161,,0.954,7.2,,1.4,4.6,3.28,1,MRM,matthdi01
15,José Leblanc,161,58,1920,1921,26-27,26,21,.553,47,2.31,58,43,38,1,1,405.2,343,159,104,9,102,,220,7,,4,1696,161,3.01,1.097,7.6,0.2,2.3,4.9,2.16,19/3275,CSCSW,leblajo01
16,Bullet Rogan,161,214,1920,1938,26-44,120,52,.698,172,2.65,214,157,136,18,16,1500.0,1330,611,442,22,405,0,918,30,1,31,5541,161,2.36,1.157,8.0,0.1,2.4,5.5,2.27,189743/52,KCM,roganbu99
17,George Walker,158,48,1937,1943,22-28,14,10,.583,24,2.58,48,21,11,4,3,230.0,198,88,66,2,50,0,140,7,0,4,336,158,1.01,1.078,7.7,0.1,2.0,5.5,2.80,1/79,CCHGKCM,walkege03
18,Booker McDaniel,154,65,1940,1945,26-31,27,12,.692,39,2.48,65,28,24,4,10,355.1,310,135,98,4,95,0,268,3,0,2,1169,154,1.67,1.140,7.9,0.1,2.4,6.8,2.82,17/9,KCM,mcdanbo01
19,Frank Blake,151,12,1932,1935,21-24,4,2,.667,6,3.30,12,7,4,0,1,60.0,44,28,22,2,35,,60,2,,0,255,151,3.40,1.317,6.6,0.3,5.3,9.0,1.71,1/7,BBSNYC,blakefr01
20,Jimmy Johnson,148,14,1939,1940,20-21,8,1,.889,9,2.68,14,13,8,0,0,97.1,89,47,29,,26,,83,0,,0,,148,,1.182,8.2,,2.4,7.7,3.19,13/98,TCTC2,johnsji06
21,Ray Brown,147,213,1931,1945,23-37,121,45,.729,166,3.06,213,156,139,17,13,1468.1,1381,640,500,30,397,0,688,24,0,4,4130,147,2.19,1.211,8.5,0.2,2.4,4.2,1.73,1987/3546,AB2DWHG,brownra99
22,Juan Padrón,146,106,1922,1926,29-33,38,33,.535,71,3.14,106,78,42,11,4,634.0,603,295,221,19,155,,334,22,0,1,2661,146,2.64,1.196,8.6,0.3,2.2,4.7,2.15,1,ABCCAGCSW,padroju01
23,Vet Barnes,146,26,1937,1938,25-26,14,5,.737,19,2.94,26,14,8,1,2,128.2,115,52,42,10,30,0,106,6,0,1,524,146,3.33,1.127,8.0,0.7,2.1,7.4,3.53,1,KCM,barneve01
24,Frank Bradley,146,45,1937,1942,19-24,20,9,.690,29,2.70,45,27,10,0,1,243.1,181,97,73,0,63,0,202,7,0,7,261,146,0.45,1.003,6.7,0.0,2.3,7.5,3.21,1/6,KCM,bradlfr02
25,Johnny Wright,146,106,1937,1947,20-30,45,25,.643,70,2.99,106,74,42,8,2,613.2,566,247,204,8,171,0,320,11,0,11,1670,146,1.82,1.201,8.3,0.1,2.5,4.7,1.87,1/8,HGNETCTC2,wrighjo02
26,Amos Watson,142,24,1945,1947,19-21,10,5,.667,15,2.82,24,15,9,1,0,127.2,120,60,40,2,63,0,68,8,0,4,560,142,3.47,1.433,8.5,0.1,4.4,4.8,1.08,1,BEGCCIC,watsoam01
27,Hilton Smith,142,158,1932,1948,25-41,70,39,.642,109,2.89,158,98,61,7,11,921.0,837,394,296,12,184,0,575,13,1,6,2503,142,1.74,1.109,8.2,0.1,1.8,5.6,3.13,197/3,CAGKCMMRM,smithhi99
28,Martín Dihigo,141,60,1923,1945,18-40,27,19,.587,46,3.34,60,42,34,1,2,402.0,386,184,149,16,119,0,246,7,0,3,1507,141,2.31,1.256,8.6,0.4,2.7,5.5,2.07,63154879/2,CSEHILNYC,dihigma99
29,Tom Williams,140,104,1920,1924,23-27,41,18,.695,59,2.84,104,52,37,6,9,529.2,475,216,167,13,142,,210,15,1,1,2189,140,3.35,1.165,8.1,0.2,2.4,3.6,1.48,1/4,CAGDS,willito03
30,Roy Partlow,139,92,1937,1948,25-36,36,23,.610,59,2.99,92,68,41,6,6,563.1,528,243,187,14,178,1,354,9,0,2,1687,139,2.06,1.253,8.4,0.2,2.8,5.7,1.99,179/384,CTHGPS,partlro01
31,Bob Romby,139,44,1946,1948,27-29,17,9,.654,26,2.74,44,27,16,3,6,230.1,168,91,70,2,110,0,183,2,0,5,956,139,2.67,1.207,6.6,0.1,4.3,7.2,1.66,1/93,BEG,rombybo01
32,Donald Troy,138,14,1944,1945,17-18,6,4,.600,10,3.10,14,9,6,1,0,87.0,71,39,30,1,39,0,45,5,0,6,378,138,3.31,1.264,7.3,0.1,4.0,4.7,1.15,1,BEG,troydo01
33,Slim Jones,137,84,1932,1938,19-25,32,21,.604,53,3.24,84,45,30,6,5,422.0,373,198,152,22,130,0,295,15,0,3,1755,137,3.43,1.192,8.0,0.5,2.8,6.3,2.27,13/79,BBSPS,jonessl01
34,Louis Dula,137,37,1933,1938,21-26,12,9,.571,21,3.62,37,16,8,1,3,171.1,170,93,69,8,61,0,73,5,0,2,742,137,4.08,1.348,8.9,0.4,3.2,3.8,1.20,1/9786,HG,dulalo01
35,Red Ryan,136,117,1923,1932,25-34,53,39,.576,92,3.27,117,87,66,5,3,795.2,771,365,289,23,201,,312,17,,3,2553,136,2.49,1.222,8.7,0.3,2.3,3.5,1.55,1/98,BBSHILNWB,ryanre01
36,Alto Lane,136,13,1929,1931,21-23,4,3,.571,7,3.12,13,12,4,2,0,75.0,74,35,26,1,30,,39,3,,0,260,136,3.00,1.387,8.9,0.1,3.6,4.7,1.30,1,AB2MRS,laneal01
37,William Bell,135,219,1923,1937,25-39,114,52,.687,166,3.26,219,156,118,11,10,1438.2,1380,651,521,22,316,0,625,30,1,9,4195,135,2.04,1.179,8.6,0.1,2.0,3.9,1.98,189/7,DWHGKCMNDNEPC,bellwi01
38,Dave Barnhill,134,87,1941,1948,27-34,35,32,.522,67,3.11,87,74,45,8,2,559.1,509,251,193,20,165,1,366,18,0,9,1575,134,2.11,1.205,8.2,0.3,2.7,5.9,2.22,1/3789,NYCSNS,barnhda01
39,Lefty Wilson,134,24,1936,1940,19-23,9,8,.529,17,3.17,24,18,9,1,0,150.1,139,80,53,0,40,0,102,1,1,2,476,134,1.95,1.191,8.3,0.0,2.4,6.1,2.55,1,KCMMRSTCWEG,wilsole02
40,Wilmer Fields,134,37,1940,1948,17-25,20,6,.769,26,3.00,37,27,16,4,2,203.2,194,86,68,6,65,0,90,3,0,3,743,134,2.83,1.272,8.6,0.3,2.9,4.0,1.38,159/783,HGSNS,fieldwi01
41,Bill Ricks,133,65,1944,1948,24-28,22,15,.595,37,3.12,65,38,20,2,4,357.1,341,167,124,9,131,0,206,8,0,6,1526,133,3.01,1.321,8.6,0.2,3.3,5.2,1.57,1/9,PS,ricksbi01
42,Leon Day,133,91,1934,1946,17-29,50,21,.704,71,3.47,91,76,51,8,3,609.0,530,290,235,18,233,0,423,15,0,1,1757,133,2.30,1.253,7.8,0.3,3.4,6.3,1.82,1847/92,BBSBEHGNEPS,dayle99
43,Porter Charleston,133,39,1927,1935,23-31,17,11,.607,28,3.64,39,26,21,2,1,242.0,252,129,98,11,68,,115,4,,0,1024,133,3.33,1.322,9.4,0.4,2.5,4.3,1.69,1,BBSHILPS,charlpo01
44,Rufus Lewis,132,43,1946,1948,26-28,20,14,.588,34,2.99,43,35,23,6,2,279.2,248,125,93,12,82,1,190,5,0,5,1159,132,2.80,1.180,8.0,0.4,2.6,6.1,2.32,1,NE,lewisru01
45,Herb Smith,132,16,1929,1932,22-25,9,3,.750,12,3.41,16,11,6,1,0,97.2,84,49,37,4,54,,29,5,,1,435,132,4.54,1.413,7.7,0.4,5.0,2.7,0.54,1/7,BBS,smithhe03
46,Hubert Wilson,131,17,1928,1929,25-26,8,2,.800,10,3.21,17,14,4,0,0,95.1,86,45,34,0,38,,37,5,,2,144,131,1.29,1.301,8.1,0.0,3.6,3.5,0.97,1,KCM,wilsohu01
47,George Harney,130,127,1923,1931,33-41,46,36,.561,82,3.34,127,74,46,7,10,728.1,755,349,270,12,179,,316,16,0,1,2352,130,1.96,1.282,9.3,0.1,2.2,3.9,1.77,1/927,CAG,harnege01
48,Ed Rile,130,124,1920,1931,20-31,51,36,.586,87,3.33,124,88,60,11,0,748.2,722,363,277,12,232,,287,12,0,8,2569,130,2.46,1.274,8.7,0.1,2.8,3.5,1.24,31/4,AB2ABCCAGCOBDS,rileed01
49,George Jefferson,130,18,1944,1948,21-25,5,4,.556,9,2.88,18,10,7,0,1,100.0,94,39,32,5,30,0,35,1,1,1,413,130,3.56,1.240,8.5,0.5,2.7,3.2,1.17,1/9,CBE,jeffege01
50,Joe Williams,130,53,1923,1932,37-46,16,19,.457,35,3.51,53,42,28,1,2,356.1,384,195,139,9,66,,201,6,,2,1102,130,2.07,1.263,9.7,0.2,1.7,5.1,3.05,1,BRGDWHGNLG,willijo99
51,Jim LaMarque,130,62,1942,1948,21-27,32,17,.653,49,3.37,62,50,36,5,3,443.0,438,219,166,6,118,0,294,21,0,5,1836,130,2.42,1.255,8.9,0.1,2.4,6.0,2.49,1/78934,KCM,lamarji01
52,Antonio Ruiz,130,10,1944,1944,33-33,2,3,.400,5,2.60,10,6,4,0,1,52.0,58,28,15,2,11,2,23,0,0,0,215,130,2.92,1.327,10.0,0.3,1.9,4.0,2.09,1/4,CC,ruizan01
53,Bill Byrd,130,205,1933,1948,25-40,101,66,.605,167,3.33,205,153,113,9,6,1344.2,1354,652,498,33,288,1,710,24,0,3,4580,130,2.28,1.221,9.1,0.2,1.9,4.8,2.47,1978/345,BEGCBBCEGCRSPSWEG,byrdbi01
54,Jesse Houston,128,42,1937,1941,27-31,16,12,.571,28,3.31,42,31,18,1,1,245.0,242,128,90,5,74,0,146,9,0,4,712,128,2.15,1.290,8.9,0.2,2.7,5.4,1.97,1/493567,CAGCTHG,houstje01
55,Max Manning,128,114,1939,1948,20-29,54,28,.659,82,3.21,114,82,60,3,2,705.2,656,325,252,7,202,0,404,16,0,6,1539,128,1.33,1.216,8.4,0.1,2.6,5.2,2.00,1/7,NE,mannima01
56,Nip Winters,128,162,1923,1932,24-33,89,42,.679,131,3.54,162,130,94,5,7,1114.2,1081,536,439,45,368,,546,20,,9,3913,128,2.47,1.300,8.7,0.4,3.0,4.4,1.48,13/8,BBSHILNLGWAP,winteni01
57,Webbo Clarke,127,19,1946,1948,18-20,11,6,.647,17,3.62,19,17,11,1,0,134.1,140,80,54,4,50,0,66,7,1,0,607,127,3.36,1.414,9.4,0.3,3.3,4.4,1.32,1,CBE,clarkwe01
58,Rats Henderson,127,157,1923,1931,26-34,70,51,.579,121,3.61,157,118,87,6,3,1058.1,1030,551,425,30,356,,568,24,,8,4228,127,2.45,1.310,8.8,0.3,3.0,4.8,1.60,1/79,ACDSSLS,hendera01
59,Chet Brewer,127,153,1925,1948,18-41,59,52,.532,111,3.46,153,120,81,10,7,985.2,927,507,379,18,328,0,483,47,1,26,2168,127,1.68,1.273,8.5,0.2,3.0,4.4,1.47,1/3789,CAGCBEKCMNYCPCPSWAP,brewech02
60,Ted Trent,127,203,1927,1939,23-35,82,58,.586,140,3.34,203,134,84,15,6,1195.1,1133,558,444,28,402,0,696,33,0,12,2770,127,1.90,1.284,8.5,0.2,3.0,5.2,1.73,1,CAGDWHGSLSWAP,trentte01
61,Willis Flournoy,126,87,1923,1932,27-36,30,31,.492,61,3.60,87,66,49,3,2,560.2,582,293,224,21,175,,254,17,,7,2075,126,2.75,1.350,9.3,0.3,2.8,4.1,1.45,1/9,BBSBRGHIL,flourwi01
62,Leroy Sutton,126,24,1940,1945,19-24,6,7,.462,13,3.04,24,12,7,1,0,124.1,124,55,42,1,29,0,42,2,0,2,295,126,1.76,1.231,9.0,0.1,2.1,3.0,1.45,1,CAGCCSNS,suttole01
63,Luis Tiant,126,106,1930,1947,23-40,37,28,.569,65,3.58,106,72,38,7,4,568.0,584,268,226,8,212,4,416,9,0,6,1740,126,1.96,1.401,9.3,0.1,3.4,6.6,1.96,1,CSWCUPNYC,tiantlu02
64,José Méndez,125,69,1920,1926,35-41,30,9,.769,39,3.46,69,31,16,1,8,320.0,340,164,123,8,60,,139,9,0,2,1356,125,2.89,1.250,9.6,0.2,1.7,3.9,2.32,16549/837,KCM,mendejo99
65,Nelson Dean,125,123,1925,1932,26-33,43,52,.453,95,3.57,123,92,59,7,4,794.1,850,405,315,14,158,,350,14,2,5,2145,125,1.56,1.269,9.6,0.2,1.8,4.0,2.22,1/9,BBBCHTCLSCTGDSKCMMRS,deanne01
66,Edsall Walker,123,120,1936,1945,25-34,51,29,.638,80,3.78,120,81,49,3,5,657.2,639,366,276,11,266,0,328,7,0,7,1645,123,2.04,1.376,8.7,0.2,3.6,4.5,1.23,1/97,HGNBYPS,walkeed02
67,Andy Cooper,122,288,1920,1939,23-42,118,64,.648,182,3.58,288,183,105,12,24,1603.1,1585,811,638,52,357,1,719,42,2,11,5130,122,2.40,1.211,8.9,0.3,2.0,4.0,2.01,1/7394,CAGDSKCM,coopean99
68,Gentry Jessup,122,64,1940,1948,25-33,23,27,.460,50,3.23,64,51,37,4,1,429.0,389,192,154,2,131,0,224,14,0,1,1552,122,2.28,1.212,8.2,0.0,2.7,4.7,1.71,1/7,BBBCAG,jessuge01
69,Ted Radcliffe,121,89,1928,1946,25-43,32,23,.582,55,3.67,89,39,28,2,10,410.0,426,211,167,10,102,0,217,7,0,3,840,121,1.56,1.288,9.4,0.2,2.2,4.8,2.13,21/7349,BBBBECAGCBBCTDSHGKCMMRSSLS,radclte01
70,Rube Curry,121,199,1920,1928,21-29,82,59,.582,141,3.47,199,144,98,9,9,1301.2,1331,653,502,30,302,,602,38,1,11,4840,121,2.54,1.255,9.2,0.2,2.1,4.2,1.99,17/983,CAGDSHILKCM,curryru01
71,Barney Morris,120,98,1932,1948,22-38,33,31,.516,64,3.50,98,68,35,3,3,565.1,527,287,220,13,214,1,344,6,0,12,1688,120,2.29,1.311,8.4,0.2,3.4,5.5,1.61,1/9,CTMRMNENYCPC,morriba01
72,Wade Johnston,120,15,1922,1933,24-35,4,7,.364,11,3.79,15,14,4,0,0,90.1,86,53,38,6,27,,45,2,0,0,379,120,3.95,1.251,8.6,0.6,2.7,4.5,1.67,*781/93,AB2BBSCTSDSIDKCM,johnswa04
73,Eugene Bremer,120,72,1937,1948,20-31,33,23,.589,56,3.35,72,55,42,6,1,464.1,490,226,173,8,113,0,198,10,0,6,1400,120,2.18,1.299,9.5,0.2,2.2,3.8,1.75,1/9758,CBECCBCTKCMMRS,bremeeu01
74,Webster McDonald,120,187,1925,1940,25-40,70,47,.598,117,3.84,187,126,73,5,5,1117.0,1130,588,477,51,277,0,485,29,1,5,3818,120,2.75,1.260,9.1,0.4,2.2,3.9,1.75,1,CAGHGPSWAPWMP,mcdonwe01
75,R.T. Walker,120,47,1943,1948,28-33,13,8,.619,21,3.42,47,20,11,2,2,210.1,201,101,80,5,79,0,100,6,0,5,911,120,3.24,1.331,8.6,0.2,3.4,4.3,1.27,1/9,HARHG,walkert01
76,Sam Streeter,119,178,1921,1936,20-35,74,53,.583,127,3.74,178,128,97,6,2,1173.0,1239,619,487,37,283,,594,20,0,7,3415,119,2.23,1.298,9.5,0.3,2.2,4.6,2.10,1/976,BBBCAGCCUHGNLGPC,streesa01
77,Murray Gillispie,119,23,1930,1932,22-24,8,6,.571,14,3.82,23,15,8,0,1,129.2,115,61,55,,45,,61,3,,4,,119,,1.234,8.0,,3.1,4.2,1.36,1/9,CAGMRMMRS,gillimu01
78,Jimmie Newberry,118,42,1943,1948,24-29,12,13,.480,25,3.63,42,22,12,1,1,216.0,222,116,87,4,59,1,108,2,0,3,943,118,2.77,1.301,9.3,0.2,2.5,4.5,1.83,1,BBBCC,newbeji01
79,Leroy Matlock,118,119,1929,1938,22-31,53,28,.654,81,3.81,119,89,52,3,2,772.1,785,411,327,23,228,0,383,5,0,1,2604,118,2.66,1.312,9.1,0.3,2.7,4.5,1.68,1738/9,HGPCSLSWAP,matlole01
80,Willie Hubert,118,37,1939,1946,26-33,15,7,.682,22,4.02,37,21,7,1,1,197.0,196,112,88,0,91,0,97,4,0,1,116,118,0.42,1.457,9.0,0.0,4.2,4.4,1.07,1/7,BEGCBECCBHGNEPS,huberwi01
81,Specs Roberts,118,31,1937,1945,29-37,12,4,.750,16,4.02,31,16,12,2,1,161.1,161,80,72,4,71,0,71,3,0,0,481,118,2.74,1.438,9.0,0.2,4.0,4.0,1.00,1,CCHGNBYNEPSSEN,robersp01
82,Jonas Gaines,118,83,1937,1948,22-33,33,27,.550,60,3.50,83,66,36,5,4,511.1,487,260,199,8,190,0,323,12,0,3,1506,118,2.05,1.324,8.6,0.1,3.3,5.7,1.70,1/9,BEGNEWEG,gainejo02
83,Willie Powell,118,118,1925,1934,21-30,54,41,.568,95,3.53,118,98,62,14,2,772.2,778,394,303,12,221,,420,26,0,4,1764,118,1.55,1.293,9.1,0.1,2.6,4.9,1.90,1/3,AGCAGCRSDS,powelwi01
84,Terris McDuffie,118,101,1930,1945,21-36,39,33,.542,72,3.78,101,75,45,6,3,616.1,638,315,259,25,176,0,288,13,0,2,1645,118,2.37,1.321,9.3,0.4,2.6,4.2,1.64,179/84,BBBBBSBECUPHGJRCNBYNEPS,mcdufte01
85,George Nash,117,24,1928,1933,21-26,5,11,.313,16,3.45,24,15,7,0,1,128.0,113,70,49,6,33,,62,6,,3,439,117,2.95,1.141,7.9,0.4,2.3,4.4,1.88,1,BBBIDMRSNEG,nashge01
86,Jesse Brown,117,34,1938,1944,24-30,6,12,.333,18,3.86,34,20,10,1,0,158.2,155,81,68,0,67,0,53,4,0,2,136,117,0.76,1.399,8.8,0.0,3.8,3.0,0.79,1/39,BEGNBYNE,brownje03
87,Carl Glass,117,140,1924,1930,26-32,44,51,.463,95,3.68,140,77,54,4,2,810.1,852,418,331,11,210,,358,18,0,4,2062,117,1.49,1.311,9.5,0.1,2.3,4.0,1.70,1973/84,CAGKCMLVBMRSSLS,glassca01
88,Jim Willis,117,90,1928,1939,,28,40,.412,68,3.76,90,65,49,1,2,579.1,613,312,242,20,129,0,272,12,0,1,1590,117,2.34,1.281,9.5,0.3,2.0,4.2,2.11,1/79,BBBBEGCCUCEGNEGWEG,williji05
89,Steel Arm Tyler,117,107,1925,1930,19-24,28,33,.459,61,3.81,107,80,32,4,0,560.0,539,280,237,1,164,,296,13,0,9,1219,117,0.66,1.255,8.7,0.0,2.6,4.8,1.80,1/97,CAGDSKCMMRS,tylerst01
90,Joe Strong,116,216,1922,1937,19-34,69,67,.507,136,3.98,216,142,80,5,8,1184.0,1268,677,524,42,435,0,493,39,1,12,4569,116,2.96,1.438,9.6,0.3,3.3,3.7,1.13,1978/56,BBSCAGCTSHGHILMBPCSLS,stronjo02
91,Henry Merchant,116,12,1940,1948,22-30,3,2,.600,5,3.38,12,4,2,0,1,42.2,45,26,16,1,12,0,6,0,0,0,133,116,2.32,1.336,9.5,0.2,2.5,1.3,0.50,8971/35,CAGCCIC,merchhe01
92,Jimmy Hill,116,77,1938,1945,20-27,30,23,.566,53,3.80,77,52,26,3,1,428.1,386,235,181,5,245,0,237,6,0,6,499,116,1.02,1.473,8.1,0.1,5.1,5.0,0.97,1/79,NE,hillji01
93,Dan Bankhead,116,28,1940,1947,20-27,12,5,.706,17,3.51,28,18,9,3,1,166.2,136,79,65,0,76,0,130,7,0,4,318,116,0.90,1.272,7.3,0.0,4.1,7.0,1.71,1/378,BBBMRS,bankhda01
94,Tite Figueroa,116,13,1946,1946,19-19,4,2,.667,6,3.79,13,7,3,1,0,59.1,55,30,25,3,40,0,29,2,0,2,271,116,4.38,1.601,8.3,0.5,6.1,4.4,0.73,1/3,BEG,figueti01
95,Elbert Williams,116,48,1929,1935,21-27,16,15,.516,31,3.64,48,30,18,3,4,245.0,220,128,99,7,102,,137,18,,1,616,116,2.41,1.314,8.1,0.3,3.7,5.0,1.34,1/59,BEDSHGLOWMRM,williel01
96,Ted Alexander,116,40,1938,1948,25-35,10,5,.667,15,3.59,40,16,8,0,3,158.0,151,87,63,2,56,0,78,3,0,0,607,116,2.70,1.310,8.6,0.1,3.2,4.4,1.39,1,AB3CAGCBRHGKCM,alexate01
97,Eddie Miller,115,88,1924,1930,23-29,29,28,.509,57,3.89,88,55,34,2,1,517.2,534,277,224,12,171,,162,15,2,2,1831,115,2.38,1.362,9.3,0.2,3.0,2.8,0.95,1635/4978,ABCCAGHG,milleed05
98,Cheo Hernández,115,26,1920,1920,26-26,12,10,.546,22,3.08,26,21,18,1,1,187.0,193,83,64,3,58,,71,6,,4,803,115,3.28,1.342,9.3,0.1,2.8,3.4,1.22,1/9,CSW,hernach02
99,Walter McCoy,115,24,1945,1947,22-24,8,9,.471,17,3.66,24,15,8,0,0,142.2,126,85,58,5,68,0,121,5,0,4,633,115,2.94,1.360,7.9,0.3,4.3,7.6,1.78,1,CAG,mccoywa01
100,Frank Thompson,115,35,1945,1948,26-29,12,10,.546,22,3.47,35,24,13,1,5,194.2,186,107,75,2,61,0,98,6,0,1,843,115,2.83,1.269,8.6,0.1,2.8,4.5,1.61,1,BBBHG,thompfr04
101,Lefty Smart,114,12,1932,1932,,4,6,.400,10,3.06,12,6,6,1,0,64.2,57,27,22,,20,,32,4,,0,,114,,1.191,7.9,,2.8,4.5,1.60,1/789,AB2,smartle01
102,Barney Brown,114,140,1932,1948,24-40,51,58,.468,109,3.81,140,103,71,6,5,888.1,933,477,376,31,266,1,480,6,0,8,3199,114,2.63,1.350,9.5,0.3,2.7,4.9,1.80,1798/3,CUPNBYPS,brownba02
103,Henry McHenry,114,170,1930,1948,20-38,68,54,.557,122,3.89,170,116,80,6,8,1037.1,1049,561,448,17,316,0,575,13,0,10,2281,114,1.62,1.316,9.1,0.1,2.7,5.0,1.82,19/73,KCMNBYNWBPS,mchenhe01
104,Silvino Ruiz,114,35,1928,1941,27-40,11,13,.458,24,4.29,35,23,13,1,0,218.1,237,130,104,8,60,,69,4,,2,287,114,1.39,1.360,9.8,0.3,2.5,2.8,1.15,1/397,CSENYC,ruizsi01
105,Bill McCall,114,116,1922,1931,24-33,29,44,.397,73,4.03,116,69,41,2,2,636.1,632,359,285,26,199,,345,16,1,5,2722,114,2.84,1.306,8.9,0.4,2.8,4.9,1.73,1/7,ABCBBBCAGCTSDSKCMPK,mccalbi01
106,Joe Black,114,68,1943,1948,19-24,19,24,.442,43,3.49,68,43,27,2,5,392.0,370,201,152,12,154,0,233,7,0,4,1692,114,3.11,1.337,8.5,0.3,3.5,5.3,1.51,1/39,BEG,blackjo02
107,Víctor Greenidge,113,10,1941,1944,22-25,2,3,.400,5,3.79,10,7,3,0,1,54.2,65,26,23,2,21,0,19,2,0,0,173,113,2.97,1.573,10.7,0.3,3.5,3.1,0.90,1,NYC,greenvi01
108,Roy Welmaker,113,78,1932,1945,18-31,36,20,.643,56,3.88,78,63,35,2,1,485.0,504,272,209,8,156,1,253,5,0,3,1233,113,2.03,1.361,9.4,0.1,2.9,4.7,1.62,1/97,BCAHGPS,welmaro01
109,Bert Hunter,113,88,1931,1936,20-25,42,21,.667,63,3.95,88,62,43,4,5,547.0,573,292,240,29,179,,332,14,,3,2349,113,3.61,1.375,9.4,0.5,2.9,5.5,1.85,1/739,AGDWHGNYCPCPSSLS,huntebe01
110,Bill Drake,113,190,1920,1930,25-35,81,71,.533,152,3.71,190,147,102,7,6,1263.2,1332,678,521,20,435,,578,31,2,10,4927,113,2.74,1.398,9.5,0.1,3.1,4.1,1.33,1/79,ABCDSKCMNEGSLGSLS,drakebi01
111,Maurice Young,113,11,1927,1927,22-22,3,4,.429,7,3.32,11,9,4,1,0,65.0,69,29,24,,12,,21,1,,1,,113,,1.246,9.6,,1.7,2.9,1.75,1,KCM,youngma04
112,Darltie Cooper,113,136,1923,1940,20-37,56,44,.560,100,4.08,136,95,67,3,2,850.0,898,488,385,37,267,,302,26,0,6,3162,113,2.78,1.371,9.5,0.4,2.8,3.2,1.13,193/5786,ABCBBSHBGHILNENLGPBGWAP,coopeda02
113,Johnny Taylor,113,52,1935,1944,19-28,17,17,.500,34,4.33,52,35,21,2,1,314.0,291,180,151,10,157,0,233,2,0,1,949,113,2.67,1.427,8.3,0.3,4.5,6.7,1.48,1,NENYCPCTCTC2,taylojo04
114,Logan Hensley,112,194,1922,1939,22-39,85,43,.664,128,4.01,194,129,66,7,8,1120.2,1187,606,499,35,389,,482,28,0,11,3156,112,1.97,1.406,9.5,0.3,3.1,3.9,1.24,1,AB2CAGCBNIDSLSTT,hensllo01
115,Harry Salmon,112,156,1924,1935,29-40,66,50,.569,116,3.87,156,108,75,10,5,963.1,1024,510,414,14,170,,493,13,0,8,2056,112,1.18,1.239,9.6,0.1,1.6,4.6,2.90,197/8,BBBHGMRS,salmoha01
116,Lefty Bowe,112,17,1939,1940,20-21,3,4,.429,7,3.46,17,11,4,0,0,83.1,76,40,32,,40,,72,2,,0,,112,,1.392,8.2,,4.3,7.8,1.80,1,CAG,bowele01
117,Johnny Markham,112,77,1930,1945,21-36,22,18,.550,40,3.78,77,36,21,3,4,340.1,352,191,143,7,81,0,199,5,0,5,736,112,1.46,1.272,9.3,0.2,2.1,5.3,2.46,1/47,BBBKCMMRM,markhjo01
118,Laymon Yokely,112,159,1926,1944,20-38,52,55,.486,107,4.26,159,111,64,6,4,920.0,907,562,435,45,398,0,446,40,0,5,4083,112,4.00,1.418,8.9,0.4,3.9,4.4,1.12,1/9,BBSBEGPBGPSSEN,yokella01
119,Everett Nelson,112,11,1932,1933,,4,2,.667,6,3.26,11,7,6,0,0,66.1,71,30,24,1,13,,17,2,,0,52,112,0.72,1.266,9.6,0.1,1.8,2.3,1.31,1/9,IDMGS,nelsoev01
120,Phil Cockrell,112,120,1923,1934,28-39,56,37,.602,93,4.02,120,98,74,3,4,860.0,862,471,384,35,273,,345,19,,8,3225,112,2.77,1.320,9.0,0.4,2.9,3.6,1.26,1/794,HILPS,cockrph01
121,Lewis Hampton,111,126,1921,1927,20-26,50,43,.538,93,3.96,126,91,61,4,4,772.1,840,457,340,23,184,,260,13,0,3,2652,111,2.40,1.326,9.8,0.3,2.1,3.0,1.41,197/83,ABCACCOBDSHILWMPWP,hamptle01
122,Bill Holland,111,211,1920,1941,19-40,73,89,.451,162,3.93,211,158,116,2,10,1354.0,1464,755,591,62,352,0,743,25,0,6,5060,111,2.78,1.341,9.7,0.4,2.3,4.9,2.11,1/798,BRGCAGDSNBYNLG,hollabi03
123,Don Newcombe,111,16,1944,1945,18-19,4,6,.400,10,3.80,16,11,9,0,0,97.0,86,51,41,3,40,0,58,5,0,3,429,111,3.28,1.299,8.0,0.3,3.7,5.4,1.45,1,NE,newcodo01
124,Pat Scantlebury,110,68,1944,1948,26-30,27,19,.587,46,3.57,68,38,24,2,4,367.2,400,182,146,14,95,1,181,3,0,4,1587,110,2.99,1.346,9.8,0.3,2.3,4.4,1.91,1/9,NYC,scantpa01
125,Alfred Saylor,110,29,1941,1945,29-33,8,10,.444,18,3.24,29,18,13,0,0,180.1,196,88,65,6,33,0,69,6,0,1,758,110,2.98,1.270,9.8,0.3,1.6,3.4,2.09,13/2,BBB,sayloal01
126,Verdell Mathis,110,64,1940,1948,26-34,23,23,.500,46,3.57,64,46,32,2,1,383.0,384,196,152,9,109,0,222,9,1,1,1082,110,1.95,1.287,9.0,0.2,2.6,5.2,2.04,1873/9,CAGMRSPS,mathive01
127,Willie Pope,110,16,1947,1947,28-28,3,8,.273,11,3.64,16,13,5,0,0,89.0,93,49,36,3,34,0,57,1,0,1,395,110,3.01,1.427,9.4,0.3,3.4,5.8,1.68,1,HG,popewi01
128,Pedro Dibut,109,18,1923,1923,30-30,7,8,.467,15,4.05,18,11,8,1,0,109.0,116,61,49,10,32,,31,3,0,0,478,109,4.62,1.358,9.6,0.8,2.6,2.6,0.97,1,CSW,dibutpe01
129,Yellow Horse Morris,109,121,1924,1930,22-28,44,32,.579,76,4.02,121,68,39,6,6,674.2,655,387,301,16,247,,238,38,1,8,1412,109,1.54,1.337,8.7,0.2,3.3,3.2,0.96,1/694578,CAGDSKCM,morriye01
130,Jesús Lorenzo,109,24,1929,1930,23-24,9,11,.450,20,4.16,24,17,10,0,0,142.2,148,83,66,,51,,48,1,,2,,109,,1.395,9.3,,3.2,3.0,0.94,1/7935,CSW,lorenje01
131,Percy Bailey,108,19,1933,1934,,5,8,.385,13,3.93,19,14,7,0,0,119.0,118,75,52,6,44,,59,2,,0,526,108,3.82,1.361,8.9,0.5,3.3,4.5,1.34,1,CAGIDNEG,bailepe01
132,Jim Jeffries,108,127,1920,1928,27-35,43,42,.506,85,3.72,127,76,46,7,8,712.0,706,372,294,18,224,,282,22,0,11,2933,108,3.45,1.306,8.9,0.2,2.8,3.6,1.26,1978/5,ABCBBBBBSHBG,jeffrji01
133,Roosevelt Davis,108,303,1924,1945,19-40,96,62,.608,158,4.07,303,166,87,8,14,1536.0,1700,871,695,43,391,0,671,36,0,11,4612,108,2.07,1.361,10.0,0.3,2.3,3.9,1.72,1/7,AB2CAGCBBCBECCCLSCUPKCMMRSNBYNEPCSLS,davisro04
134,Bob McClure,108,178,1920,1929,29-38,60,51,.541,111,4.13,178,101,51,6,6,938.1,991,557,431,31,369,,417,23,,10,3672,108,2.88,1.449,9.5,0.3,3.5,4.0,1.13,1/3,ABCACBBSCTS,mcclubo02
135,J.C. Hamilton,108,23,1940,1942,27-29,9,6,.600,15,4.12,23,18,8,0,0,118.0,141,72,54,,31,,60,2,,0,,108,,1.458,10.8,,2.4,4.6,1.94,1/9478,HG,hamiljc01
136,Jack Matchett,108,52,1940,1945,32-37,18,12,.600,30,3.46,52,33,18,3,3,278.1,297,138,107,4,82,0,138,8,0,3,704,108,1.80,1.362,9.6,0.1,2.7,4.5,1.68,1/79,KCM,matchja01
137,Hubert Lockhart,108,77,1923,1929,24-30,26,22,.542,48,4.08,77,55,38,3,0,485.2,514,297,220,12,177,,176,8,,2,1493,108,2.29,1.423,9.5,0.2,3.3,3.3,0.99,1/789,ACCAG,lockhhu01
138,Army Cooper,107,57,1928,1932,28-32,27,12,.692,39,4.07,57,44,22,1,6,331.1,340,179,150,3,121,,227,21,,7,432,107,1.04,1.391,9.2,0.1,3.3,6.2,1.88,1,CLSKCM,coopear01
139,Andy Porter,107,121,1932,1948,21-37,42,33,.560,75,4.18,121,81,37,4,3,676.2,739,394,314,30,211,0,368,15,0,2,2726,107,3.21,1.404,9.8,0.4,2.8,4.9,1.74,1/7,BEGCEGICLVBNEGWEG,portean01
140,Walter Cannady,107,11,1922,1945,20-43,4,2,.667,6,4.54,11,5,4,0,0,71.1,67,46,36,2,31,,29,2,,0,305,107,3.94,1.374,8.5,0.3,3.9,3.7,0.94,64531/789,CAGCCCTSHBGHGNBYNLGNYC,cannawa01
141,Claude Grier,107,72,1924,1927,20-23,29,24,.547,53,4.20,72,55,39,3,2,451.2,432,271,211,4,196,,312,10,,5,1534,107,1.37,1.390,8.6,0.1,3.9,6.2,1.59,1/9,ACWMPWP,griercl01
142,Cliff Bell,107,176,1921,1931,24-34,48,66,.421,114,4.04,176,111,68,7,4,992.0,1036,560,445,21,249,,380,20,0,10,2367,107,1.77,1.295,9.4,0.2,2.3,3.4,1.53,1/879,CAGCCUKCMMRS,bellcl01
143,Floyd Kranson,107,46,1937,1940,23-26,14,11,.560,25,3.91,46,31,11,2,0,218.2,226,127,95,3,89,0,119,13,0,9,618,107,2.21,1.441,9.3,0.1,3.7,4.9,1.34,1/9,CAGKCMMRS,kransfl01
144,Leniel Hooker,106,125,1940,1948,21-29,40,39,.506,79,3.95,125,84,48,3,5,708.1,720,397,311,16,221,0,309,23,0,1,2075,106,2.15,1.328,9.1,0.2,2.8,3.9,1.40,1,NEPS,hookele01
145,Johnny Juran,106,10,1924,1924,24-24,0,4,.000,4,4.10,10,7,3,0,0,41.2,40,27,19,3,22,,10,1,0,0,188,106,4.85,1.488,8.6,0.6,4.8,2.2,0.45,1,BBB,juranjo01
146,Bill Force,105,186,1921,1929,25-33,59,50,.541,109,4.16,186,107,60,4,5,1018.0,1039,616,470,63,305,,497,35,0,10,3939,105,3.25,1.320,9.2,0.6,2.7,4.4,1.63,19/78,BBSDS,forcebi01
147,Samuel Thompson,105,76,1932,1942,24-34,23,29,.442,52,4.29,76,51,28,3,1,427.2,476,259,204,18,105,0,200,7,0,4,850,105,2.02,1.359,10.0,0.4,2.2,4.2,1.90,1/7,AB2CAGCEGPS,thompsa03
148,Robert Poindexter,105,128,1924,1929,26-31,35,50,.412,85,4.17,128,80,40,5,3,690.0,738,412,320,16,235,,347,24,0,7,2124,105,1.69,1.410,9.6,0.2,3.1,4.5,1.48,1/37,BBBCAGMRS,poindro01
149,Eddie Dixon,105,32,1938,1940,22-24,7,7,.500,14,3.86,32,13,10,0,3,149.1,162,90,64,4,36,,72,1,,1,418,105,2.07,1.326,9.8,0.2,2.2,4.3,2.00,1,BCABEGIAB,dixoned01
150,Oscar Levis,105,95,1923,1929,24-30,38,35,.521,73,4.39,95,73,49,4,3,596.1,625,353,291,25,213,,299,16,,9,2199,105,2.78,1.405,9.4,0.4,3.2,4.5,1.40,1/3978,CSE,levisos01
151,Lefty Holmes,105,64,1929,1940,22-33,18,21,.462,39,4.29,64,36,24,4,2,350.1,333,218,167,10,160,,222,4,,4,1509,105,3.49,1.407,8.6,0.3,4.1,5.7,1.39,1/9,BBSNLGNYCPSSENWEG,holmele01
152,Frog Holsey,105,60,1928,1932,22-26,21,23,.477,44,4.15,60,39,29,3,2,377.0,403,206,174,2,116,,138,4,,1,150,105,0.45,1.377,9.6,0.0,2.8,3.3,1.19,1,CAGNEG,holsefr01
153,Telosh Howard,105,16,1932,1939,,4,7,.364,11,3.83,16,9,4,1,0,82.1,74,48,35,2,32,,65,3,,1,250,105,2.10,1.287,8.1,0.2,3.5,7.1,2.03,1/9,BCAIAB,howarte01
154,Square Moore,104,76,1924,1928,23-27,13,26,.333,39,4.43,76,48,24,2,1,381.2,405,242,188,5,143,,165,11,1,2,1422,104,1.61,1.436,9.6,0.1,3.4,3.9,1.15,1/9,BBBCELCHTCTGMRS,mooresq01
155,Jesse Hubbard,104,60,1923,1934,27-38,22,25,.468,47,4.40,60,44,34,3,2,390.2,412,241,191,16,146,,166,13,,1,1538,104,3.22,1.428,9.5,0.4,3.4,3.8,1.14,917/38,ACBBSBRGNLGPBG,hubbaje01
156,Willie Ferrell,104,32,1937,1943,23-29,11,12,.478,23,4.16,32,22,15,2,0,194.2,198,123,90,4,73,0,77,7,0,2,394,104,1.95,1.392,9.2,0.2,3.4,3.6,1.05,1/973,BBBCAGCBRHGJRC,ferrewi02
157,Fred Bell,104,81,1923,1927,21-25,27,25,.519,52,4.49,81,51,31,4,1,433.0,412,266,216,12,212,,195,19,1,12,1735,104,2.68,1.441,8.6,0.2,4.4,4.1,0.92,197/84,DSHBGSLSTT,bellfr02
158,Lefty Capers,104,15,1930,1931,23-24,6,9,.400,15,4.24,15,15,14,0,0,125.1,119,69,59,2,40,,33,1,,2,358,104,2.72,1.269,8.5,0.1,2.9,2.4,0.83,1/3,LOWLVB,caperle01
159,Heliodoro Díaz,103,104,1926,1935,21-30,28,50,.359,78,4.15,104,73,54,2,3,672.1,688,391,310,16,256,,409,16,0,15,1364,103,1.75,1.404,9.2,0.2,3.4,5.5,1.60,1/2379,CSWNYC,diazhe01
160,James Brown,103,16,1939,1947,20-28,4,5,.444,9,4.42,16,8,5,2,0,79.1,75,58,39,1,32,0,35,2,0,0,63,103,0.74,1.349,8.5,0.1,3.6,4.0,1.09,791/8,ICNE,brownja05
161,Aubry Owens,103,60,1922,1925,26-29,19,17,.528,36,4.48,60,38,19,3,4,325.2,336,196,162,9,140,,157,14,0,1,1459,103,2.94,1.462,9.3,0.2,3.9,4.3,1.12,1,CAG,owensau01
162,Dicta Johnson,103,90,1920,1923,33-36,32,25,.561,57,3.85,90,65,36,4,2,568.2,585,310,243,18,138,,222,18,0,7,2437,103,3.44,1.271,9.3,0.3,2.2,3.5,1.61,1/978,ABCCAGMBPKTT,johnsdi02
163,Gready McKinnis,103,43,1941,1945,27-31,11,20,.355,31,3.73,43,34,14,3,1,234.0,217,114,97,3,81,0,119,12,0,4,669,103,2.11,1.274,8.3,0.1,3.1,4.6,1.47,1,BBBCAGKCM,mckingr01
164,George Mitchell,102,132,1924,1941,24-41,48,44,.522,92,4.24,132,89,58,6,2,777.1,801,470,366,15,312,,295,26,0,24,1907,102,1.84,1.432,9.3,0.2,3.6,3.4,0.95,139/78425,AB2AB3ABCCAGCLSDSIDKCMSL3SLSSNS,mitchge01
165,Willie Cornelius,102,162,1929,1946,22-39,52,58,.473,110,4.18,162,112,58,4,4,911.0,938,557,423,19,341,0,481,26,0,19,2467,102,2.21,1.404,9.3,0.2,3.4,4.8,1.41,17/945,BBBCAGCCBJRCMRS,cornewi01
166,Lefty Williams,102,28,1929,1935,34-40,12,6,.667,18,4.78,28,19,12,2,0,163.2,177,110,87,4,62,,70,5,,2,720,102,3.50,1.460,9.7,0.2,3.4,3.8,1.13,1/9,DWHG,willile06
167,Jimmy Direaux,102,18,1937,1938,21-22,5,5,.500,10,4.84,18,11,6,0,1,93.0,101,63,50,3,44,0,38,2,0,6,428,102,4.24,1.559,9.8,0.3,4.3,3.7,0.86,1/975,BEGWEG,direaji01
168,Luther McDonald,102,99,1927,1935,21-29,36,26,.581,62,4.16,99,58,34,2,2,526.1,647,311,243,9,131,,157,12,,3,959,102,1.56,1.478,11.1,0.2,2.2,2.7,1.20,1/8,CAGDSSLS,mcdonlu01
169,Frank Pearson,102,15,1945,1948,25-28,3,6,.333,9,3.93,15,8,4,0,0,75.2,83,45,33,1,15,0,35,1,0,0,325,102,2.58,1.295,9.9,0.1,1.8,4.2,2.33,1/9,MRSNBY,pearsfr02
170,Felix Evans,101,33,1938,1948,27-37,13,8,.619,21,4.12,33,18,13,1,0,207.2,198,124,95,4,87,0,116,10,0,3,616,101,2.27,1.372,8.6,0.2,3.8,5.0,1.33,1/97863,BCAIABJRCMRS,evansfe01
171,Tom Johnson,101,42,1920,1921,31-32,20,10,.667,30,3.63,42,32,19,3,0,270.1,257,141,109,9,76,,111,3,,1,1118,101,3.44,1.232,8.6,0.3,2.5,3.7,1.46,1,CAGDS,johnsto04
172,Esteban Montalvo,101,19,1923,1928,27-32,6,6,.500,12,4.80,19,13,10,0,0,114.1,121,73,61,2,41,,38,1,0,1,507,101,2.05,1.417,9.5,0.2,3.2,3.0,0.93,*91/37,CSWNLG,montaes01
173,Porter Moss,101,70,1932,1944,22-34,18,24,.429,42,3.93,70,46,22,2,3,373.0,364,203,163,5,107,0,227,15,0,1,1043,101,1.87,1.263,8.8,0.1,2.6,5.5,2.12,1/79,AB2CAGCTKCMMRS,mosspo01
174,Robert Griffith,101,105,1934,1948,21-35,23,31,.426,54,4.44,105,57,32,2,5,510.1,564,324,252,25,178,0,264,6,0,3,1959,101,3.29,1.454,9.9,0.4,3.1,4.7,1.48,17/98,BEGCEGNBYNEGWEG,griffro02
175,Charlie Shields,100,16,1941,1943,18-20,5,3,.625,8,4.21,16,10,5,0,0,92.0,102,59,43,1,54,,54,2,,3,243,100,2.08,1.696,10.0,0.1,5.3,5.3,1.00,1/397,CAGHGNYC,shielch02
176,Bullet Campbell,100,53,1924,1929,28-33,16,17,.485,33,4.49,53,36,23,2,1,288.1,295,167,144,12,96,,99,7,,0,1219,100,3.26,1.356,9.2,0.4,3.0,3.1,1.03,1,HILNLG,campbbu01
177,Bo Mitchell,100,21,1937,1938,,8,12,.400,20,4.16,21,16,10,1,0,125.1,124,82,58,5,37,0,64,1,0,0,538,100,3.49,1.285,8.9,0.4,2.7,4.6,1.73,1/4,BBBBCA,mitchbo04
178,John Williams,100,109,1926,1930,21-25,43,30,.589,73,4.25,109,72,41,4,6,606.0,664,360,286,11,200,,273,14,0,11,910,100,1.29,1.426,9.9,0.2,3.0,4.1,1.37,178/9352,DMSLS,willijo04
179,Peanuts Davis,99,10,1943,1946,25-28,1,5,.167,6,4.03,10,8,7,0,0,76.0,82,38,34,3,18,0,33,1,0,0,322,99,3.01,1.316,9.7,0.4,2.1,3.9,1.83,1/3,CCIC,davispe02
180,Bill Gatewood,99,81,1920,1927,38-45,24,23,.511,47,3.93,81,51,23,0,4,423.1,422,245,185,15,143,,199,27,0,7,1616,99,3.10,1.335,9.0,0.3,3.0,4.2,1.39,1/59,BBBDSMBMRSSLSTT,gatewbi01
181,Rocky Ellis,99,84,1934,1940,23-29,23,24,.489,47,4.80,84,47,23,1,0,408.2,451,271,218,24,121,0,180,3,0,2,1560,99,3.58,1.400,9.9,0.5,2.7,4.0,1.49,1/79,HGPS,ellisro03
182,Alex Albritton,99,11,1923,1925,31-33,2,2,.500,4,4.33,11,3,2,0,1,35.1,47,30,17,1,9,,7,1,,0,118,99,2.63,1.585,12.0,0.3,2.3,1.8,0.78,1,BBSWMPWP,albrial01
183,Eugene Smith,98,66,1940,1948,24-32,23,28,.451,51,4.12,66,56,33,3,1,419.0,371,252,192,7,221,0,274,25,1,13,876,98,1.73,1.413,8.0,0.2,4.7,5.9,1.24,1/879,CBEHGNBYSNS,smitheu01
184,Jack Marshall,98,104,1920,1929,25-34,34,34,.500,68,4.17,104,74,41,4,2,647.1,677,394,300,28,286,,274,23,0,7,2465,98,3.64,1.488,9.4,0.4,4.0,3.8,0.96,1/3,CAGDSKCM,marshja02
185,Woody Williams,98,21,1937,1940,18-21,5,3,.625,8,5.04,21,10,2,0,3,69.2,77,44,39,4,34,0,43,1,0,0,199,98,3.02,1.593,9.9,0.5,4.4,5.6,1.26,1,BEGWEG,williwo03
186,Isidro Fabré,98,63,1923,1939,28-44,14,27,.342,41,4.72,63,45,36,1,1,410.0,515,273,215,19,101,,125,4,,4,1529,98,2.76,1.502,11.3,0.4,2.2,2.7,1.24,7198/346,CSENYC,fabreis01
187,Cliff Carter,98,66,1923,1934,24-35,29,26,.527,55,4.50,66,52,36,2,0,413.2,451,278,207,16,160,,171,12,,18,1826,98,3.63,1.477,9.8,0.3,3.5,3.7,1.07,1/789,ACBBSHBGHILPBGPTG,cartecl01
188,Cool Papa Bell,98,49,1922,1946,19-43,20,15,.571,35,4.53,49,30,21,1,0,309.2,337,197,156,17,94,,146,13,0,4,1328,98,3.82,1.392,9.8,0.5,2.7,4.2,1.55,*8713/945,CAGDWHGPCSLS,bellco99
189,Marvin Barker,98,15,1935,1948,23-36,1,2,.333,3,4.37,15,4,4,0,0,59.2,67,38,29,1,20,0,14,1,0,0,265,98,3.47,1.458,10.1,0.2,3.0,2.1,0.70,8574931/6,NBYNDNEPS,barkema01
190,Dick Redding,98,37,1923,1927,33-37,9,21,.300,30,4.43,37,28,22,0,0,247.2,290,150,122,7,66,,107,4,,2,866,98,2.22,1.437,10.5,0.3,2.4,3.9,1.62,1/39,BRG,reddidi01
191,Connie Rector,98,115,1923,1944,31-52,46,35,.568,81,4.85,115,82,60,2,4,715.2,853,468,386,31,249,0,237,20,0,0,2673,98,3.05,1.540,10.7,0.4,3.1,3.0,0.95,197/84,BRGNBYNLGNYC,rectoco01
192,Henry Wright,97,57,1930,1935,23-28,17,19,.472,36,4.39,57,36,25,2,0,334.0,368,209,163,7,109,,118,7,,3,621,97,1.76,1.428,9.9,0.2,2.9,3.2,1.08,1/798,CCUCEGNEG,wrighhe01
193,Luther Farrell,97,124,1920,1934,23-37,39,53,.424,92,4.53,124,88,62,2,3,752.1,837,471,379,37,277,,421,23,0,4,3318,97,3.21,1.481,10.0,0.4,3.3,5.0,1.52,197/8,ACCAGCOGNLGPBGSLG,farrelu02
194,Ernest Burke,97,15,1946,1948,22-24,4,4,.500,8,3.74,15,8,6,1,0,89.0,113,52,37,0,20,0,26,2,0,2,394,97,2.88,1.494,11.4,0.0,2.0,2.6,1.30,1/9,BEG,burkeer01
195,Willie Jefferson,97,58,1937,1946,33-42,20,22,.476,42,4.05,58,39,29,4,1,353.2,393,204,159,10,69,0,192,4,1,4,1165,97,2.17,1.306,10.0,0.3,1.8,4.9,2.78,1/7592,CBECCBCTMRSPS,jeffewi01
196,Deacon Meyers,97,82,1921,1926,21-26,25,20,.556,45,4.65,82,48,26,0,2,450.2,498,296,233,25,143,,201,17,0,3,1992,97,3.58,1.422,9.9,0.5,2.9,4.0,1.41,1/367,DMSLGSLSTT,meyerde01
197,Sam Crawford,96,106,1920,1931,28-39,39,36,.520,75,4.27,106,71,44,4,4,612.2,622,364,291,19,214,,297,29,1,12,2711,96,3.04,1.365,9.1,0.3,3.1,4.4,1.39,1/947835,BBBCAGCTGKCMSLS,crawfsa02
198,Cecil Kaiser,96,15,1946,1947,26-27,3,1,.750,4,4.21,15,6,2,0,1,57.2,70,36,27,2,12,0,29,1,0,0,250,96,2.78,1.422,10.9,0.3,1.9,4.5,2.42,1,HG,kaisece01
199,Andy Sarvis,96,16,1940,1942,32-34,6,4,.600,10,4.00,16,9,7,0,0,87.2,103,49,39,,12,,41,2,,3,,96,,1.312,10.6,,1.2,4.2,3.42,1/9,CBRJRC,sarvian01
200,Alonzo Boone,96,51,1929,1947,21-39,15,13,.536,28,4.18,51,32,15,2,1,250.0,250,148,116,3,105,0,124,4,0,6,499,96,1.48,1.420,9.0,0.1,3.8,4.5,1.18,1/6,BBBCBECBRCCBCCUMRSSNS,booneal01
201,Latimer,96,12,1921,1921,,4,2,.667,6,4.02,12,5,2,0,0,62.2,70,44,28,2,18,,24,4,,0,283,96,3.84,1.404,10.1,0.3,2.6,3.4,1.33,1/78,ABC,latim02
202,Henry Miller,96,89,1938,1948,20-30,35,23,.603,58,4.33,89,60,31,3,2,480.2,495,286,231,19,194,1,277,8,0,5,1752,96,2.92,1.433,9.3,0.4,3.6,5.2,1.43,1,NEPS,millehe01
203,Willie Cathey,96,10,1948,1948,,1,4,.200,5,5.01,10,5,2,0,0,55.2,61,39,31,3,15,0,40,2,0,0,245,96,2.93,1.365,9.9,0.5,2.4,6.5,2.67,1,IC,cathewi01
204,Lefty Johnson,96,12,1930,1932,,1,0,1.000,1,4.80,12,4,1,0,0,30.0,31,19,16,,15,,15,1,,0,,96,,1.533,9.3,,4.5,4.5,1.00,1/3789,MRS,johnsle01
205,Malvin Powell,96,62,1929,1937,21-29,21,16,.568,37,4.41,62,40,19,5,1,349.0,387,216,171,8,129,0,142,26,0,1,929,96,2.45,1.479,10.0,0.2,3.3,3.7,1.10,1978/43,CAG,powelme01
206,George Britt,95,126,1920,1944,24-48,40,39,.506,79,4.49,126,82,52,3,3,734.1,779,503,366,20,254,,386,23,,3,2622,95,2.37,1.407,9.5,0.2,3.1,4.7,1.52,123548/769,ABCBBSCAGCBECCBCOBDMHGHILJRCNDSEN,brittge01
207,Ches Buchanan,95,51,1935,1944,27-36,15,22,.405,37,4.77,51,38,21,1,1,294.1,336,203,156,3,80,0,112,3,0,2,389,95,1.05,1.413,10.3,0.1,2.4,3.4,1.40,1,PS,buchach01
208,Dizzy Dismukes,95,86,1920,1932,30-42,32,29,.525,61,4.32,86,66,34,4,0,504.0,509,309,242,21,164,,186,13,0,3,2169,95,3.53,1.335,9.1,0.4,2.9,3.3,1.13,1/3978,ABCBBBDWMRSPKSLS,dismudi01
209,Charles Corbett,95,99,1922,1927,32-37,39,29,.574,68,4.71,99,65,45,1,1,617.1,705,403,323,27,215,,184,18,0,1,2382,95,3.04,1.490,10.3,0.4,3.1,2.7,0.86,1/7984,ABCHBGHILPK,corbech01
210,Charley Wilson,95,49,1920,1926,25-31,16,22,.421,38,4.21,49,38,18,2,1,297.0,347,181,139,10,67,,91,4,0,1,1289,95,3.62,1.394,10.5,0.3,2.0,2.8,1.36,1,COBDMDS,wilsoch03
211,Juanelo Mirabal,95,83,1923,1929,22-28,26,34,.433,60,4.78,83,63,41,2,3,495.2,588,325,263,17,139,,168,8,,2,1725,95,2.42,1.467,10.7,0.3,2.5,3.1,1.21,1/49,CSE,mirabju01
212,Tommy Johnson,95,52,1937,1942,,9,18,.333,27,4.39,52,31,11,2,3,262.2,316,186,128,6,102,0,95,6,0,8,852,95,2.84,1.591,10.8,0.2,3.5,3.3,0.93,1/9,CAGSL2,johnsto05
213,Basilio Rosell,95,70,1926,1929,24-27,17,45,.274,62,4.52,70,53,45,5,2,482.1,546,296,242,30,140,,226,17,1,6,1481,95,2.96,1.422,10.2,0.6,2.6,4.2,1.61,1/37,CSECSW,roselba01
214,Bob Saunders,95,12,1926,1926,24-24,3,1,.750,4,4.85,12,9,2,0,0,55.2,67,40,30,5,14,,13,5,1,1,255,95,4.75,1.455,10.8,0.8,2.3,2.1,0.93,1,DSKCM,saundbo01
215,Warren Peace,95,13,1945,1947,23-25,4,2,.667,6,4.50,13,6,4,1,1,52.0,58,33,26,2,28,0,26,2,0,1,241,95,3.86,1.654,10.0,0.3,4.8,4.5,0.93,1,NE,peacewa01
216,Archie Hinton,94,13,1945,1946,19-20,3,2,.600,5,4.50,13,8,3,0,1,56.0,44,34,28,1,39,0,31,2,1,2,244,94,3.97,1.482,7.1,0.2,6.3,5.0,0.79,1/5679,BEG,hintoar01
217,Frank McAllister,94,44,1937,1943,19-25,12,16,.429,28,4.30,44,33,18,2,1,253.0,240,164,121,4,105,0,171,6,0,3,344,94,0.97,1.364,8.5,0.1,3.7,6.1,1.63,1/78936,AB3HARNBYPCSL3SNS,mcallfr01
218,Neck Stanley,94,173,1928,1948,23-43,40,71,.360,111,4.84,173,111,49,5,5,873.1,1031,602,470,36,291,2,440,15,1,3,2946,94,2.66,1.514,10.6,0.4,3.0,4.5,1.51,1/39,ACHILNBYNLGNYC,stanlne01
219,Alonzo Perry,94,23,1946,1948,24-26,7,7,.500,14,4.96,23,13,5,1,0,118.0,127,81,65,7,59,0,56,6,1,2,551,94,4.15,1.576,9.7,0.5,4.5,4.3,0.95,1/73,BBBHG,perryal01
220,Emery Adams,94,84,1932,1947,21-36,26,25,.510,51,4.61,84,55,23,5,1,414.0,442,275,212,4,175,0,168,8,0,3,411,94,0.81,1.490,9.6,0.1,3.8,3.7,0.96,19/78,BEGMRSNBYPS,adamsem01
221,Eddie Locke,94,17,1943,1945,20-22,5,3,.625,8,3.91,17,7,5,0,0,80.2,76,49,35,1,40,0,39,2,0,0,354,94,3.43,1.438,8.5,0.1,4.5,4.4,0.98,1/9783,CAGCCKCM,lockeed01
222,John Harper,94,43,1923,1925,,17,18,.486,35,4.50,43,32,19,0,0,262.0,267,170,131,3,87,,107,10,,4,626,94,1.51,1.351,9.2,0.1,3.0,3.7,1.23,1/945,ACNLG,harpejo01
223,Willie Gisentaner,94,145,1921,1936,21-36,42,51,.452,93,4.87,145,103,58,2,4,826.2,949,563,447,32,293,,347,25,0,17,3377,94,3.33,1.502,10.3,0.3,3.2,3.8,1.18,1978/4,ACBBSCAGCOBCSEHBGHGKCMLOWLVBNEGNLGNS,gisenwi01
224,Ping Gardner,94,103,1923,1932,24-33,35,41,.461,76,4.96,103,77,48,4,3,623.2,678,412,344,23,220,,245,36,,8,2288,94,2.47,1.440,9.8,0.3,3.2,3.5,1.11,1,ACHBGHILNWB,gardnpi01
225,Connie Johnson,93,51,1940,1948,17-25,20,12,.625,32,4.64,51,26,17,1,4,250.1,256,176,129,10,123,0,167,10,0,6,837,93,2.70,1.514,9.2,0.4,4.4,6.0,1.36,1,KCMTC,johnsco01
226,Willie Spearman,93,67,1924,1927,24-27,17,26,.395,43,5.10,67,43,24,2,2,358.1,399,255,203,6,143,,162,11,0,9,1470,93,1.46,1.513,10.0,0.2,3.6,4.1,1.13,1/98,CELCHTMRSSLS,spearwi01
227,Spoon Carter,93,137,1932,1948,29-45,50,33,.602,83,4.84,137,79,44,1,3,718.1,836,464,386,30,256,0,308,13,0,5,2388,93,2.92,1.520,10.5,0.4,3.2,3.9,1.20,1/97,AGBBBCGHGLVBMRSNENYCPCPSTCTC2,cartesp01
228,Claudio Manela,93,22,1921,1925,27-31,4,10,.286,14,4.19,22,17,9,0,0,144.0,164,96,67,4,43,,67,10,,3,649,93,3.56,1.438,10.3,0.3,2.7,4.2,1.56,1/9,CSCSE,manelcl01
229,Leo Hannibal,93,18,1932,1938,21-27,5,5,.500,10,4.64,18,13,5,0,0,99.0,115,70,51,1,50,0,52,3,0,0,363,93,3.03,1.667,10.5,0.1,4.5,4.7,1.04,1/357,AB2HGIAMRS,hannile01
230,Satchel Davis,93,10,1940,1947,21-28,3,2,.600,5,4.83,10,7,2,0,1,41.0,44,30,22,2,15,0,20,3,0,1,138,93,2.51,1.439,9.7,0.4,3.3,4.4,1.33,1,BEGCBE,davissa02
231,Ted Shaw,93,62,1928,1930,22-24,24,19,.558,43,4.67,62,44,31,2,2,389.1,414,250,202,5,152,,187,18,,10,679,93,1.53,1.454,9.6,0.1,3.5,4.3,1.23,1,DS,shawte01
232,Nate Moreland,92,16,1940,1945,26-31,6,5,.546,11,5.22,16,9,4,0,1,91.1,102,56,53,1,38,0,56,0,0,0,25,92,0.34,1.533,10.1,0.1,3.7,5.5,1.47,1/9,BEG,morelna01
233,John Taylor,92,73,1920,1925,,18,37,.327,55,4.33,73,54,43,1,1,457.1,551,290,220,9,117,,189,24,,4,1469,92,1.95,1.461,10.8,0.2,2.3,3.7,1.62,1,COGNLG,taylojo03
234,Guillermo Molina,92,14,1929,1930,20-21,2,4,.333,6,4.96,14,9,1,0,0,61.2,75,44,34,,24,,18,2,,2,,92,,1.605,10.9,,3.5,2.6,0.75,/12,CSW,molingu02
235,Johnny Williams,92,38,1943,1948,25-30,10,15,.400,25,4.70,38,22,17,0,1,201.0,223,136,105,6,59,0,73,8,0,0,894,92,3.35,1.403,10.0,0.3,2.6,3.3,1.24,1/79,BBBCCIC,willijo06
236,Herman Gordon,92,25,1923,1924,31-32,6,7,.462,13,4.78,25,13,7,0,2,116.2,138,83,62,9,63,,35,8,0,2,526,92,5.16,1.723,10.6,0.7,4.9,2.7,0.56,1/8973,BBSCBNSLSTT,gordohe01
237,Robert Dean,92,11,1937,1940,21-24,4,4,.500,8,4.47,11,7,3,0,0,58.1,56,41,29,1,23,0,29,5,0,1,153,92,2.00,1.354,8.6,0.2,3.5,4.5,1.26,1,AB3SL2SL3SNS,deanro01
238,Robert Keyes,92,15,1941,1945,,5,7,.417,12,4.37,15,12,8,1,0,103.0,113,70,50,2,36,2,38,2,0,1,380,92,2.79,1.447,9.9,0.2,3.1,3.3,1.06,1,MRSPS,keyesro01
239,Lucas Boada,92,76,1921,1924,28-31,23,38,.377,61,4.65,76,60,40,1,2,470.2,559,315,243,28,126,,146,18,0,5,2105,92,4.12,1.455,10.7,0.5,2.4,2.8,1.16,19/753486,CSCSW,boadalu01
240,Bill Anderson,91,59,1941,1947,28-34,17,17,.500,34,4.75,59,37,16,1,1,301.0,328,193,159,10,111,0,96,10,1,2,841,91,2.40,1.458,9.8,0.3,3.3,2.9,0.86,1,HGNENYC,anderbi03
241,Al Jones,91,10,1944,1945,,3,5,.375,8,4.14,10,7,5,0,0,58.2,69,42,27,2,16,0,22,0,0,1,261,91,3.19,1.449,10.6,0.3,2.5,3.4,1.38,1,CAGMRS,jonesal03
242,Fay Washington,91,10,1940,1945,25-30,1,3,.250,4,4.02,10,4,2,0,0,40.1,37,21,18,2,22,0,27,1,0,0,107,91,2.47,1.463,8.3,0.4,4.9,6.0,1.23,1,BBBCCSNS,washifa01
243,John Richardson,91,11,1924,1924,,2,3,.400,5,4.75,11,6,3,0,1,53.0,51,36,28,3,17,,19,7,0,0,228,91,4.12,1.283,8.7,0.5,2.9,3.2,1.12,1/52739,BBB,richajo01
244,Willie Hutchinson,91,48,1939,1946,18-25,12,19,.387,31,4.19,48,33,18,3,2,245.0,263,147,114,4,79,0,144,4,0,2,544,91,1.48,1.396,9.7,0.1,2.9,5.3,1.82,1/9478,KCMMRS,hutchwi01
245,Earl Harrison,91,18,1927,1930,27-30,7,3,.700,10,4.38,18,9,3,0,0,88.1,97,53,43,1,41,,31,0,,3,25,91,0.36,1.562,9.9,0.1,4.2,3.2,0.76,1,HGKCMSLS,harriea02
246,William Ross,91,132,1922,1929,28-35,40,44,.476,84,5.03,132,93,50,3,7,753.2,861,503,421,25,244,,268,27,0,4,3075,91,2.90,1.466,10.3,0.3,2.9,3.2,1.10,1/79,ABCCTGDSHGSLS,rosswi01
247,Cristóbal Torriente,91,32,1920,1932,26-38,13,7,.650,20,4.46,32,23,13,2,1,179.2,205,116,89,7,43,,60,4,0,4,659,91,3.09,1.380,10.3,0.4,2.2,3.0,1.40,*897153/4,CAGDSKCMLVB,torricr99
248,David Gómez,91,61,1925,1928,23-26,17,26,.395,43,5.06,61,40,25,1,1,371.2,495,253,209,13,110,,98,9,1,4,1257,91,2.04,1.628,12.0,0.3,2.7,2.4,0.89,13/95724,CSWPTG,gomezda01
249,Earl Gurley,90,52,1922,1932,23-33,8,17,.320,25,5.09,52,28,17,0,1,268.2,311,196,152,9,107,,119,9,1,5,1149,90,2.74,1.556,10.4,0.3,3.6,4.0,1.11,71938/4,ABCBBBCAGHBGMGSMRSSLS,gurleea01
250,Script Lee,90,86,1923,1934,24-35,28,24,.539,52,4.99,86,59,34,1,2,494.1,538,340,274,25,212,,189,22,,6,2089,90,3.50,1.517,9.8,0.5,3.9,3.4,0.89,1/9758,BBSCRSHIL,leesc01
251,Lefty Moses,90,15,1938,1940,23-25,4,3,.571,7,4.47,15,9,1,0,0,56.1,52,34,28,0,28,,38,4,,2,118,90,1.64,1.420,8.3,0.0,4.5,6.1,1.36,1,KCM,mosesle01
252,Anthony Mahoney,90,42,1921,1923,27-29,15,15,.500,30,4.71,42,32,17,4,2,248.1,246,164,130,12,102,,125,19,,4,1096,90,4.20,1.401,8.9,0.4,3.7,4.5,1.23,1/9,ABCBBS,mahonan01
253,Manuel Godínez,90,14,1946,1948,25-27,2,6,.250,8,4.98,14,7,4,0,0,68.2,83,48,38,6,11,0,37,3,0,0,304,90,3.31,1.369,10.9,0.8,1.4,4.8,3.36,1,IC,godinma01
254,Roy Roberts,90,90,1921,1934,27-40,24,35,.407,59,4.65,90,63,39,0,1,550.0,568,356,284,18,243,,256,35,,11,2355,90,3.62,1.475,9.3,0.3,4.0,4.2,1.05,1/7,ACCOBCRSNLG,roberro02
255,Albert Davis,90,68,1927,1937,,18,26,.409,44,4.80,68,44,27,3,0,396.0,454,279,211,3,110,0,97,8,0,2,303,90,0.77,1.424,10.3,0.1,2.5,2.2,0.88,1/27,DSDTS,davisal02
256,Cotton Williams,90,37,1943,1948,26-31,6,10,.375,16,4.42,37,16,3,0,2,181.1,203,113,89,5,60,0,90,6,0,4,803,90,3.15,1.450,10.1,0.2,3.0,4.5,1.50,175/649,NE,willico01
257,Roy Williams,89,58,1933,1943,25-35,18,16,.529,34,5.01,58,36,19,0,0,283.2,311,185,158,4,119,0,139,8,0,1,541,89,1.64,1.516,9.9,0.1,3.8,4.4,1.17,1/746,BEGCBBNBY,williro03
258,Sensation Clark,89,18,1922,1924,19-21,6,5,.546,11,5.01,18,9,6,0,0,97.0,115,64,54,3,45,,69,3,0,0,450,89,3.40,1.649,10.7,0.3,4.2,6.4,1.53,1/95,ABCCBNMRSPK,clarkse01
259,Jimmy Cooke,89,10,1932,1932,,2,1,.667,3,4.74,10,6,2,1,0,43.2,51,30,23,4,24,,20,1,,0,205,89,4.79,1.718,10.5,0.8,4.9,4.1,0.83,1,BBS,cookeji01
260,Wayne Carr,89,98,1920,1928,23-31,27,37,.422,64,4.78,98,74,47,2,1,602.0,679,393,320,18,216,,255,13,,11,2168,89,2.63,1.487,10.2,0.3,3.2,3.8,1.18,1/39,ABCACBBSBRGNLGNSSLGWMPWP,carrwa01
261,Otis Starks,88,51,1921,1935,23-37,14,17,.452,31,4.87,51,35,23,3,1,321.2,385,224,174,19,110,,140,5,,3,1019,88,3.06,1.539,10.8,0.5,3.1,3.9,1.27,1/7,ACBEBRGCAGNLGSLG,starkot01
262,Big Train Jackson,88,16,1938,1940,21-23,4,5,.444,9,4.45,16,10,2,0,0,64.2,89,50,32,0,25,,40,2,,2,53,88,0.42,1.763,12.4,0.0,3.5,5.6,1.60,1,KCMMRS,jacksbi02
263,Theolic Smith,88,61,1936,1943,23-30,17,25,.405,42,5.01,61,44,27,5,3,339.1,389,235,189,19,116,0,145,11,0,3,1243,88,3.46,1.488,10.3,0.5,3.1,3.8,1.25,1/87946,CBEPCSL3,smithth01
264,Bill Pryor,88,21,1927,1931,,2,12,.143,14,4.28,21,17,6,1,0,120.0,120,86,57,0,83,,65,6,,6,14,88,0.18,1.692,9.0,0.0,6.2,4.9,0.78,1/79,DSMRS,pryorbi01
265,John Donaldson,88,22,1920,1924,29-33,6,9,.400,15,4.14,22,13,9,1,2,137.0,141,77,63,0,36,,69,2,,0,573,88,2.73,1.292,9.3,0.0,2.4,4.5,1.92,81/937,KCM,donaljo03
266,Bun Hayes,88,62,1928,1935,24-31,19,22,.463,41,5.36,62,39,25,0,0,332.2,393,234,198,22,127,,132,9,,3,1437,88,4.07,1.563,10.6,0.6,3.4,3.6,1.04,1/7839,BBSBECAGNDWAP,hayesbu02
267,John Mungin,88,22,1925,1927,20-22,4,5,.444,9,5.23,22,13,7,0,0,106.2,143,72,62,5,22,,28,4,,1,475,88,2.47,1.547,12.1,0.4,1.9,2.4,1.27,1,BBSHBG,mungijo01
268,Tom Glover,88,71,1934,1945,21-32,18,21,.462,39,5.16,71,41,17,0,1,336.1,401,233,193,10,107,0,206,11,1,6,1129,88,2.35,1.510,10.7,0.3,2.9,5.5,1.93,1/9,BEGCEGCRSWEG,gloveto01
269,Harold Treadwell,88,42,1923,1928,26-31,9,19,.321,28,5.16,42,29,13,1,0,212.2,218,147,122,12,112,,105,8,0,1,956,88,3.91,1.552,9.2,0.5,4.7,4.4,0.94,1/9,ABCACCAGCBNDMDS,treadha01
270,José Agustín Rodríguez,88,20,1922,1922,23-23,2,8,.200,10,5.17,20,10,5,0,0,92.1,108,66,53,4,25,,34,1,,1,410,88,3.82,1.440,10.5,0.4,2.4,3.3,1.36,1/7,CSW,rodrijo08
271,Doc Sykes,88,22,1923,1924,31-32,7,9,.438,16,4.68,22,21,9,1,0,148.0,165,102,77,5,48,,62,4,,7,347,88,1.97,1.439,10.0,0.3,2.9,3.8,1.29,1,BBS,sykesdo01
272,Jim Lewis,87,16,1936,1938,,2,4,.333,6,5.68,16,4,2,0,0,82.1,99,63,52,5,23,0,20,2,0,0,367,87,4.46,1.482,10.8,0.5,2.5,2.2,0.87,1,PCPS,lewisji03
273,Elbert Eatmon,87,15,1937,1938,22-23,3,1,.750,4,4.89,15,6,2,0,0,57.0,72,44,31,1,27,0,26,0,0,2,272,87,3.85,1.737,11.4,0.2,4.3,4.1,0.96,1,BBB,eatmoel01
274,Preacher Henry,87,59,1938,1948,27-37,17,25,.405,42,4.58,59,47,25,2,0,355.1,379,239,181,10,166,0,191,7,0,5,701,87,1.68,1.534,9.6,0.3,4.2,4.8,1.15,1,CBRCCICJRC,henrypr01
275,Allen Bryant,87,10,1940,1946,22-28,2,1,.667,3,4.56,10,8,2,1,0,49.1,56,32,25,0,11,0,36,2,0,1,69,87,0.58,1.358,10.2,0.0,2.0,6.6,3.27,1/9,KCMMRS,bryanal01
276,Dick Burton,87,10,1938,1938,31-31,1,4,.200,5,4.71,10,5,2,0,0,36.1,37,26,19,1,13,,15,0,,0,166,87,3.65,1.376,9.2,0.2,3.2,3.7,1.15,1,BBB,burtodi01
277,Dave Hoskins,87,21,1942,1946,24-28,7,7,.500,14,4.96,21,13,9,1,0,118.0,145,83,65,2,34,0,67,8,0,1,518,87,2.72,1.517,11.1,0.2,2.6,5.1,1.97,917/58,CAGHGKCM,hoskida01
278,Lewis Woolfolk,87,15,1923,1923,26-26,6,5,.546,11,5.08,15,12,6,1,0,79.2,98,60,45,2,22,,24,3,0,3,369,87,3.70,1.506,11.1,0.2,2.5,2.7,1.09,1,CAG,woolfle01
279,Zack Foreman,87,20,1920,1921,26-27,8,5,.615,13,4.40,20,13,6,0,1,108.1,129,73,53,3,30,,24,4,,2,485,87,3.94,1.468,10.7,0.2,2.5,2.0,0.80,1/49,KCM,foremza01
280,Ciscero Warren,86,15,1946,1947,26-27,1,4,.200,5,4.80,15,7,1,0,1,45.0,49,30,24,0,23,0,24,1,0,0,211,86,3.18,1.600,9.8,0.0,4.6,4.8,1.04,1,HG,warreci01
281,Gene Collins,86,15,1947,1948,22-23,5,5,.500,10,5.57,15,10,5,1,1,76.0,54,65,47,1,85,0,85,7,0,3,384,86,4.30,1.829,6.4,0.1,10.1,10.1,1.00,1,KCM,collige02
282,Oscar Charleston,86,17,1920,1941,23-44,1,4,.200,5,4.91,17,5,2,0,0,80.2,93,60,44,3,36,,28,9,0,3,380,86,4.44,1.599,10.4,0.3,4.0,3.1,0.78,8391/75,ABCHBGHGHILPCPSSLGTCTC2,charlos99
283,Clyde Golden,86,15,1948,1948,19-19,3,4,.429,7,3.94,15,7,3,2,2,64.0,56,36,28,3,31,,37,1,,0,281,86,3.71,1.359,7.9,0.4,4.4,5.2,1.19,1,NE,goldecl01
284,Harry Kenyon,86,89,1921,1929,27-35,25,32,.439,57,5.04,89,58,32,1,1,521.0,597,351,292,8,173,,191,15,1,4,1824,86,2.21,1.478,10.3,0.1,3.0,3.3,1.10,781934/6,ABCCAGDSKCMMRSNLG,kenyoha01
285,Wilbert Pritchett,86,50,1924,1932,27-35,10,18,.357,28,5.57,50,35,15,1,2,249.0,312,204,154,16,113,,77,7,,7,1171,86,3.32,1.707,11.3,0.6,4.1,2.8,0.68,1,BBSHBGHILNWBPTG,pritcwi01
286,Cannonball Berry,86,17,1937,1948,25-36,2,3,.400,5,5.63,17,3,1,0,3,40.0,56,34,25,2,18,0,24,2,0,0,201,86,3.62,1.850,12.6,0.5,4.1,5.4,1.33,1/9,CBEKCMSL2,berryca01
287,Sam Cooper,86,37,1923,1929,25-31,8,11,.421,19,5.36,37,23,11,1,0,203.1,227,150,121,8,85,,82,8,,4,921,86,3.88,1.534,10.0,0.4,3.8,3.6,0.96,1,ACBBSHBG,coopesa01
288,José Suárez,85,25,1921,1921,30-30,7,14,.333,21,4.50,25,19,15,1,0,174.0,192,121,87,6,38,,69,12,,2,759,85,3.65,1.322,9.9,0.3,2.0,3.6,1.82,1/937,CS,suarejo02
289,Ollie West,85,21,1942,1945,28-31,4,8,.333,12,4.69,21,11,6,0,0,111.1,114,73,58,3,42,0,44,7,0,3,299,85,2.43,1.401,9.2,0.2,3.4,3.6,1.05,1/7,CAGHG,westol01
290,Slim Branham,85,84,1920,1931,20-31,21,33,.389,54,5.30,84,54,21,1,0,426.0,478,303,251,8,185,,170,17,0,10,1593,85,2.27,1.556,10.1,0.2,3.9,3.6,0.92,1/7,AB2CELCHTCTSDMDSHBGSLS,branhsl01
291,Archie Stewart,85,26,1923,1923,,5,6,.455,11,5.16,26,12,6,0,0,118.2,141,92,68,11,46,,73,10,0,8,545,85,4.43,1.576,10.7,0.8,3.5,5.5,1.59,1,SLS,stewaar01
292,Claude Hayslett,85,13,1937,1941,24-28,2,4,.333,6,5.30,13,9,2,0,0,52.2,61,42,31,1,24,0,26,2,0,0,199,85,3.31,1.614,10.4,0.2,4.1,4.4,1.08,1/4,IAIABMRSNBY,hayslcl01
293,Rube Chambers,85,44,1925,1927,21-23,11,20,.355,31,5.32,44,29,14,0,1,274.0,305,197,162,8,138,,149,11,,3,1261,85,2.80,1.617,10.0,0.3,4.5,4.9,1.08,1,NLGWMP,chambru01
294,Faustino Valdés,85,20,1920,1920,,6,10,.375,16,4.18,20,17,12,0,1,131.1,146,80,61,5,58,,49,2,,2,596,85,3.92,1.553,10.0,0.3,4.0,3.4,0.84,1/93,CSW,valdefa01
295,Pedro San,84,46,1926,1928,31-33,16,18,.471,34,5.38,46,32,18,0,1,262.2,278,184,157,16,148,,127,12,,6,1189,84,4.40,1.622,9.5,0.5,5.1,4.4,0.86,1,CSE,sanpe01
296,Alvin Gipson,84,51,1941,1946,27-32,7,26,.212,33,4.45,51,34,15,2,2,257.0,270,150,127,1,74,0,162,8,0,1,737,84,1.57,1.339,9.5,0.0,2.6,5.7,2.19,1,BBB,gipsoal01
297,Jim Missouri,84,57,1937,1940,20-23,11,14,.440,25,5.74,57,28,12,4,2,216.1,246,169,138,9,90,0,126,2,0,0,421,84,1.83,1.553,10.2,0.4,3.7,5.2,1.40,1,PS,missoji01
298,Homer Craig,84,16,1934,1935,,6,6,.500,12,5.91,16,11,6,0,0,77.2,102,63,51,2,41,,24,3,,1,382,84,4.60,1.841,11.8,0.2,4.8,2.8,0.59,1,ND,craigho01
299,Clarence Locke,84,13,1944,1948,33-37,4,5,.444,9,5.40,13,9,6,0,0,63.1,88,54,38,2,22,0,30,3,0,0,305,84,3.32,1.737,12.5,0.3,3.1,4.3,1.36,1/37,CAGKCM,lockecl01
300,Lefty Calhoun,83,54,1932,1946,20-34,13,16,.448,29,4.73,54,27,13,1,3,249.1,272,179,131,1,89,0,121,5,0,0,275,83,0.71,1.448,9.8,0.0,3.2,4.4,1.36,1/7983,AB3CBEHARICMGSMRSNBYPSSL3SNS,calhole01
301,Clarence White,83,37,1928,1940,27-39,5,18,.217,23,5.21,37,24,10,1,2,183.0,233,137,106,7,55,,63,7,,1,555,83,2.63,1.574,11.5,0.3,2.7,3.1,1.15,1/34,CBRLOWLVBMGSMRSNEG,whitecl01
302,Charlie Henry,83,60,1924,1929,24-29,15,21,.417,36,5.37,60,39,20,2,1,345.1,392,239,206,6,112,,129,5,,7,618,83,0.77,1.459,10.2,0.2,2.9,3.4,1.15,1,DSHBGHIL,henrych01
303,Tom Parker,83,71,1931,1948,19-36,28,24,.539,52,5.40,71,58,27,3,0,385.1,387,276,231,12,234,0,243,9,0,1,1497,83,3.62,1.612,9.0,0.3,5.5,5.7,1.04,9178/356,AB2HARHGNBYNEGNYCSNS,parketo01
304,Pete Sunkett,82,18,1943,1945,24-26,5,3,.625,8,5.20,18,7,2,1,0,79.2,78,57,46,1,35,1,37,1,0,0,356,82,3.27,1.418,8.8,0.1,4.0,4.2,1.06,1/4793,PS,sunkepe01
305,String Bean Williams,82,25,1923,1925,50-52,5,10,.333,15,5.42,25,13,8,1,0,146.0,191,116,88,2,41,,52,5,,3,303,82,0.52,1.589,11.8,0.1,2.5,3.2,1.27,1/7,ACBRGNLGWP,willist03
306,Bernardo Baró,82,10,1920,1929,24-33,2,5,.286,7,5.46,10,8,4,0,0,64.1,78,46,39,0,30,,26,3,,0,294,82,2.82,1.679,10.9,0.0,4.2,3.6,0.87,*9831/7,CSCSECSW,barobe01
307,Carrenza Howard,82,53,1940,1947,26-33,9,17,.346,26,5.39,53,27,8,0,1,233.2,250,166,140,6,116,0,92,7,0,2,681,82,2.44,1.566,9.6,0.2,4.5,3.5,0.79,1,ICNYC,howarca02
308,Steel Arm Davis,82,21,1920,1935,24-39,5,4,.556,9,5.47,21,12,4,0,1,82.1,90,61,50,7,48,,37,2,0,3,329,82,4.51,1.676,9.8,0.8,5.2,4.0,0.77,3791/845,CAGCOGDMDSNEG,davisst04
309,Raúl Álvarez,82,33,1924,1927,22-25,8,8,.500,16,5.89,33,19,9,1,0,177.1,215,133,116,6,62,,41,2,0,1,800,82,2.12,1.562,10.9,0.3,3.1,2.1,0.66,1,CSECSW,alvarra01
310,Alex Newkirk,82,29,1946,1948,29-31,7,12,.368,19,5.08,29,15,10,0,0,152.1,187,102,86,7,56,1,55,2,0,1,689,82,3.65,1.595,11.0,0.4,3.3,3.2,0.98,1/7,NBYNYC,newkial01
311,Jim Colzie,82,13,1946,1947,25-26,3,4,.429,7,5.43,13,7,4,0,1,66.1,87,52,40,2,30,0,33,0,0,1,314,82,3.38,1.764,11.8,0.3,4.1,4.5,1.10,1,IC,colziji01
312,Dick Whitworth,82,26,1922,1924,26-28,12,10,.546,22,5.53,26,17,10,0,0,151.1,181,118,93,2,79,,65,1,0,1,700,82,4.02,1.718,10.8,0.1,4.7,3.9,0.82,1,CAG,whitwdi01
313,Bill Barnes,81,40,1940,1947,19-26,9,11,.450,20,5.17,40,17,7,0,2,175.2,178,116,101,2,72,0,62,6,1,3,285,81,1.28,1.423,9.1,0.1,3.7,3.2,0.86,1/9,BEGICMRS,barnebi02
314,Arnett Mitchell,81,42,1923,1926,27-30,9,16,.360,25,5.45,42,22,13,0,0,214.2,251,170,130,4,81,,76,6,,6,895,81,1.95,1.547,10.5,0.2,3.4,3.2,0.94,1/6789,ACBBSHBG,mitchar01
315,Jack Bruton,81,22,1937,1948,25-36,6,7,.462,13,5.68,22,12,8,0,0,114.0,136,86,72,8,37,0,51,3,0,2,492,81,4.16,1.518,10.7,0.6,2.9,4.0,1.38,19/374,BBBCBECBRPSSNS,brutoja01
316,Riley Stewart,81,17,1946,1948,27-29,2,4,.333,6,5.85,17,7,4,0,1,80.0,96,67,52,3,33,0,38,3,0,6,374,81,3.57,1.613,10.8,0.3,3.7,4.3,1.15,1/7,CAGMRS,stewari01
317,Martin Crue,81,42,1942,1948,22-28,6,12,.333,18,5.27,42,17,5,0,4,169.0,179,120,99,11,87,0,85,1,0,2,690,81,3.59,1.574,9.5,0.6,4.6,4.5,0.98,1,NBYNYC,cruema01
318,Bill Harvey,81,113,1932,1946,24-38,23,36,.390,59,5.69,113,58,31,3,3,512.1,582,384,324,24,213,3,237,16,0,7,1710,81,3.17,1.552,10.2,0.4,3.7,4.2,1.11,1937/8,BEGCGMRMMRSNBYPCTCTC2,harvebi01
319,George Boggs,81,28,1923,1928,24-29,2,14,.125,16,5.54,28,20,7,0,1,133.1,159,113,82,9,64,,52,6,0,2,622,81,4.71,1.673,10.7,0.6,4.3,3.5,0.81,18/973,BBSCTGDMDSMB,boggsge01
320,Joe Cade,81,11,1929,1929,29-29,2,3,.400,5,6.56,11,7,0,0,0,35.2,51,36,26,1,28,,12,1,,1,185,81,4.92,2.215,12.9,0.3,7.1,3.0,0.43,1/9,AC,cadejo01
321,Specs Ellis,81,13,1940,1944,,1,5,.167,6,4.91,13,7,3,0,1,55.0,68,41,30,1,13,0,16,2,0,1,71,81,1.01,1.473,11.1,0.2,2.1,2.6,1.23,1/7,BBBCBRCCJRC,ellissp01
322,Jimmy Shields,80,23,1928,1929,22-23,5,7,.417,12,6.42,23,12,4,0,2,89.2,102,85,64,5,65,,30,0,,0,443,80,5.13,1.862,10.2,0.5,6.5,3.0,0.46,14/56,AC,shielji01
323,Admiral Walker,80,14,1923,1927,24-28,4,6,.400,10,5.17,14,10,3,0,0,71.1,76,53,41,0,31,,22,9,0,1,198,80,2.70,1.500,9.6,0.0,3.9,2.8,0.71,1/9,KCMMB,walkead01
324,Lawrence Terrell,80,40,1924,1925,18-19,11,7,.611,18,5.81,40,17,5,1,0,148.2,169,114,96,7,59,,72,7,0,0,669,80,2.77,1.534,10.2,0.4,3.6,4.4,1.22,1,DS,terrela01
325,Columbus Vance,80,43,1927,1933,22-28,13,21,.382,34,5.39,43,37,17,1,0,257.0,285,189,154,8,91,,140,8,,4,453,80,1.59,1.463,10.0,0.3,3.2,4.9,1.54,1/78,AB2BBBHGID,vanceco02
326,Lefty Gilmore,80,16,1926,1926,,5,8,.385,13,5.42,16,12,7,0,0,99.2,110,75,60,4,39,,40,6,,0,458,80,4.10,1.495,9.9,0.4,3.5,3.6,1.03,1,NLG,gilmole02
327,Tommy Johnson,80,10,1940,1940,23-23,3,4,.429,7,6.10,10,5,1,0,0,41.1,46,29,28,,12,,10,0,,0,,80,,1.403,10.0,,2.6,2.2,0.83,1,PS,johnsto06
328,John Finner,80,89,1920,1925,34-39,25,32,.439,57,5.04,89,58,37,3,5,505.2,606,352,283,33,141,,203,26,0,4,2257,80,3.89,1.477,10.8,0.6,2.5,3.6,1.44,1/97,BBBMBSLGSLS,finnejo01
329,Diamond Pipkins,80,30,1929,1942,21-34,10,9,.526,19,5.18,30,19,4,1,0,137.1,151,103,79,0,50,,64,7,,2,58,80,0.15,1.464,9.9,0.0,3.3,4.2,1.28,1,BBBCCU,pipkidi01
330,Alonzo Mitchell,79,34,1926,1941,21-36,4,7,.364,11,5.88,34,12,3,1,1,104.0,126,90,68,4,47,,42,4,,1,412,79,3.61,1.663,10.9,0.3,4.1,3.6,0.89,1/7359,ACCBRJRCNS,mitchal01
331,Raúl López,79,13,1948,1948,19-19,2,5,.286,7,4.30,13,6,1,0,0,58.2,68,37,28,3,32,,35,3,,1,277,79,4.02,1.705,10.4,0.5,4.9,5.4,1.09,1,NYC,lopezra03
332,Bob Evans,79,116,1932,1943,21-32,23,43,.349,66,5.87,116,67,34,1,5,568.2,694,433,371,24,222,0,265,9,0,5,1922,79,2.96,1.611,11.0,0.4,3.5,4.2,1.19,1/8,NBYNDNEPSWAP,evansbo01
333,Tom Richardson,79,28,1932,1934,27-29,10,11,.476,21,5.38,28,25,18,1,0,177.1,212,129,106,4,60,,80,3,,1,814,79,3.30,1.534,10.8,0.2,3.0,4.1,1.33,1/7,BBSPBGWAP,richato02
334,Frank Stephens,79,90,1921,1929,23-31,21,33,.389,54,5.53,90,55,31,3,0,470.0,538,353,289,15,203,,184,17,0,11,1631,79,2.50,1.577,10.3,0.3,3.9,3.5,0.91,179/38,ABCACBBBCAGCHTCTGSLSTT,stephfr01
335,Arnold Waites,79,14,1935,1937,20-22,3,2,.600,5,6.35,14,4,0,0,2,39.2,53,33,28,3,18,0,23,3,0,2,194,79,4.69,1.790,12.0,0.7,4.1,5.2,1.28,1/7,HGPSWEG,waitear01
336,Eddie Jefferson,78,14,1945,1946,22-23,2,1,.667,3,5.53,14,7,1,0,0,53.2,68,41,33,0,23,0,12,1,0,0,248,78,3.51,1.696,11.4,0.0,3.9,2.0,0.52,1,PS,jeffeed01
337,Howard Ross,78,15,1924,1927,21-24,1,4,.200,5,5.56,15,7,4,0,1,68.0,87,49,42,1,22,,17,0,0,0,169,78,1.71,1.603,11.5,0.1,2.9,2.3,0.77,1/7,ABCCAGCBNCELCHT,rossho01
338,Eustaquio Pedroso,78,52,1920,1926,33-39,15,21,.417,36,5.64,52,39,29,1,0,343.1,425,258,215,31,94,,127,21,0,5,1542,78,4.43,1.512,11.1,0.8,2.5,3.3,1.35,317/9,CSECSW,pedroeu01
339,Jimmy Everett,78,10,1929,1943,20-34,2,4,.333,6,6.71,10,7,3,1,0,56.1,70,61,42,1,30,,21,0,,0,233,78,3.25,1.775,11.2,0.2,4.8,3.4,0.70,1/78,NBYNENLG,evereji01
340,Joe Fillmore,78,43,1941,1946,27-32,11,18,.379,29,5.24,43,30,18,1,1,244.0,268,182,142,3,84,0,131,3,0,0,377,78,1.01,1.443,9.9,0.1,3.1,4.8,1.56,1,PS,fillmjo01
341,Omer Newsome,78,72,1923,1929,23-29,16,20,.444,36,5.90,72,35,16,1,3,335.1,429,280,220,13,102,,125,11,1,5,1261,78,2.55,1.583,11.5,0.3,2.7,3.4,1.23,1/3,ABCDMDSMRSWP,newsoom01
342,Earl Bumpus,78,19,1944,1948,30-34,3,7,.300,10,5.56,19,10,6,0,2,89.0,111,65,55,1,50,1,44,2,0,2,424,78,3.59,1.809,11.2,0.1,5.1,4.4,0.88,179/38,BBBCAGKCM,bumpuea01
343,George Brown,78,63,1925,1927,,12,13,.480,25,5.98,63,27,7,0,2,243.2,304,200,162,4,126,,87,11,0,3,953,78,2.46,1.765,11.2,0.1,4.7,3.2,0.69,1,KCMSLS,brownge03
344,Jimmy Oldham,77,55,1920,1923,27-30,16,15,.516,31,5.37,55,30,19,1,1,298.1,344,224,178,23,108,,167,12,0,2,1368,77,4.18,1.515,10.4,0.7,3.3,5.0,1.55,1,SLGSLS,oldhaji01
345,Homer Curry,77,99,1928,1947,23-42,25,39,.391,64,5.55,99,56,27,1,1,526.2,676,414,325,19,146,0,185,13,1,2,1197,77,2.06,1.561,11.6,0.3,2.5,3.2,1.27,9718/34,BEGCTGIAKCMMRMMRSNBYNEGPSWEG,currygo01
346,Roy Williams,77,18,1930,1935,22-27,5,6,.455,11,5.66,18,12,8,0,1,105.0,130,83,66,11,30,,38,2,,1,469,77,4.42,1.524,11.1,0.9,2.6,3.3,1.27,1,BBSBEHGMRS,williro02
347,Lefty Boone,77,27,1940,1944,20-24,5,11,.313,16,5.73,27,24,4,0,0,113.0,113,86,72,1,67,0,108,3,0,9,283,77,1.41,1.593,9.0,0.1,5.3,8.6,1.61,1,CCBHARHGJRCMRSNBYPSSNS,boonele01
348,Owen Smaulding,77,15,1927,1928,30-31,4,4,.500,8,5.24,15,11,4,0,0,67.0,93,52,39,1,21,,17,2,,0,215,77,2.56,1.701,12.5,0.1,2.8,2.3,0.81,1/7,BBBCAGCTGKCM,smaulow01
349,Jute Bell,77,67,1924,1931,24-31,15,34,.306,49,5.47,67,53,32,2,1,426.0,523,327,259,12,112,,131,15,0,7,511,77,1.16,1.491,11.0,0.3,2.4,2.8,1.17,1/798,BBBDSLOWMRS,bellju02
350,Armando López,77,12,1923,1924,20-21,3,4,.429,7,5.30,12,9,4,1,0,69.2,87,66,41,2,34,,27,2,,4,237,77,2.98,1.737,11.2,0.3,4.4,3.5,0.79,1/9,CSE,lopezar03
351,Harry Cunningham,76,34,1930,1937,,10,13,.435,23,5.37,34,24,15,3,0,209.1,257,144,125,0,68,0,99,4,0,2,5,76,0.02,1.553,11.0,0.0,2.9,4.3,1.46,1/978,MRS,cunniha01
352,Harry Kincannon,76,64,1933,1939,23-29,14,29,.326,43,5.92,64,41,22,1,2,339.0,419,288,223,16,139,0,190,11,0,3,1296,76,3.46,1.646,11.1,0.4,3.7,5.0,1.37,1/539,NBYPCSENTCTC2,kincaha01
353,Pepper Sharpe,76,11,1943,1948,24-29,2,4,.333,6,5.86,11,6,3,0,0,50.2,63,42,33,3,21,0,21,2,0,2,239,76,3.99,1.658,11.2,0.5,3.7,3.7,1.00,1/7938,CAGMRS,sharppe01
354,Henry Gillespie,76,28,1925,1928,28-31,4,12,.250,16,6.19,28,14,5,2,0,128.0,154,104,88,2,68,,51,4,,0,594,76,2.30,1.734,10.8,0.1,4.8,3.6,0.75,1/978,ACHBGNLGPTG,gillehe01
355,Percy Miller,76,139,1921,1937,24-40,29,39,.427,68,5.90,139,69,29,0,2,570.2,687,466,374,21,269,0,300,22,0,15,2342,76,3.03,1.675,10.8,0.3,4.2,4.7,1.12,179/3,CCUCELCHTCOGDTSKCMNEGNWBSLS,millepe01
356,Big Boy Davis,76,11,1932,1932,,1,7,.125,8,4.63,11,9,3,0,0,56.1,81,46,29,,7,,12,1,,3,,76,,1.562,12.9,,1.1,1.9,1.71,1/7,AB2,davisbi02
357,Buck Alexander,76,76,1923,1926,,10,31,.244,41,6.14,76,43,10,0,4,348.2,428,292,238,18,146,,132,12,0,2,1596,76,3.13,1.646,11.0,0.5,3.8,3.4,0.90,1,ABCCELDS,alexabu01
358,Steve Wylie,76,35,1944,1947,33-36,10,10,.500,20,5.55,35,18,7,0,1,155.2,172,121,96,2,108,0,86,6,0,5,744,76,3.90,1.799,9.9,0.1,6.2,5.0,0.80,1,CAGKCMMRS,wyliest01
359,John Huber,76,30,1941,1947,33-39,6,15,.286,21,5.34,30,17,7,1,0,141.2,162,107,84,5,54,0,64,4,1,0,613,76,3.17,1.525,10.3,0.3,3.4,4.1,1.19,21/379,BBBCAGICMRSPS,huberjo02
360,Charlie Craig,75,13,1926,1927,20-21,3,2,.600,5,5.89,13,9,5,0,1,70.1,84,56,46,5,34,,24,5,,0,338,75,4.54,1.678,10.7,0.6,4.4,3.1,0.71,1,HBGNLG,craigch01
361,Mose Offutt,75,20,1925,1925,25-25,4,3,.571,7,6.98,20,7,2,0,0,86.1,101,71,67,,36,,31,3,,0,394,75,,1.587,10.5,,3.8,3.2,0.86,1,ABC,offutmo01
362,Will Jackman,75,24,1935,1936,39-40,7,11,.389,18,6.82,24,16,11,1,0,126.2,171,110,96,11,41,,58,3,,0,592,75,4.45,1.674,12.2,0.8,2.9,4.1,1.41,1,BENE,jackmwi01
363,Candy Jim Taylor,75,25,1920,1935,36-51,1,6,.143,7,6.15,25,6,1,0,0,79.0,102,61,54,8,23,,21,1,0,2,246,75,3.61,1.582,11.6,0.9,2.6,2.4,0.91,5146/79,AB2CEGCELCTSDMDSIDMRSNEGSLSTT,tayloca02
364,Scottie Duncan,74,19,1937,1940,,1,5,.167,6,5.62,19,9,1,0,0,57.2,83,55,36,2,24,0,33,4,0,0,202,74,2.65,1.855,13.0,0.3,3.7,5.2,1.38,1,BBBBCAPCSNS,duncasc01
365,Harry Rhodes,74,11,1946,1948,23-25,2,4,.333,6,6.47,11,4,0,0,1,32.0,38,31,23,0,18,0,17,3,0,4,157,74,3.59,1.750,10.7,0.0,5.1,4.8,0.94,1/7938,CAG,rhodeha01
366,Cándido Gálvez,74,19,1929,1932,28-31,2,12,.143,14,5.78,19,12,6,0,0,95.0,116,72,61,2,35,,32,2,,0,106,74,1.11,1.589,11.0,0.2,3.3,3.0,0.91,1,CSWCUP,galveca01
367,Fred Hobgood,74,34,1941,1944,19-22,11,12,.478,23,5.64,34,23,10,0,0,166.0,205,139,104,2,65,0,69,4,0,2,204,74,0.93,1.627,11.1,0.1,3.5,3.7,1.06,1,NEPS,hobgofr01
368,Herb Thomas,74,18,1928,1929,18-19,5,4,.556,9,7.03,18,13,6,1,1,80.2,114,76,63,3,37,,24,2,,0,397,74,4.24,1.872,12.7,0.3,4.1,2.7,0.65,1/9,NLG,thomahe02
369,Bud Barbee,73,44,1937,1948,23-34,11,11,.500,22,6.23,44,33,8,0,0,209.1,248,178,145,11,131,0,114,8,0,3,547,73,2.57,1.811,10.7,0.5,5.6,4.9,0.87,3179/258,BEGNBYPS,barbebu01
370,Bob Thurman,73,24,1946,1948,29-31,5,9,.357,14,5.35,24,15,7,1,0,109.1,115,83,65,4,54,0,54,6,0,0,497,73,3.80,1.546,9.5,0.3,4.4,4.4,1.00,91/387,HG,thurmbo01
371,Juan Eckelson,73,10,1925,1925,21-21,1,6,.143,7,7.24,10,5,4,0,0,51.0,72,47,41,,8,,15,2,,0,232,73,,1.569,12.7,,1.4,2.6,1.88,1,CSW,eckelju01
372,Leo Birdine,73,62,1927,1932,32-37,13,23,.361,36,5.76,62,41,17,0,0,309.1,399,257,198,5,95,,86,7,,2,605,73,1.75,1.597,11.6,0.1,2.8,2.5,0.91,197/58,BBBMRS,birdile01
373,Red Howard,73,35,1937,1946,27-36,8,13,.381,21,5.72,35,19,7,0,2,137.0,163,103,87,7,52,0,81,4,0,5,432,73,2.88,1.569,10.7,0.5,3.4,5.3,1.56,1/789,BBBBCACAGCBRJRCMRS,howarre01
374,Oscar Owens,73,12,1922,1929,28-35,3,5,.375,8,6.49,12,7,6,0,0,68.0,76,61,49,3,36,,26,6,,2,323,73,4.73,1.647,10.1,0.4,4.8,3.4,0.72,91/783,HGPK,owensos01
375,Cliff Blackmon,73,29,1937,1941,23-27,5,13,.278,18,5.85,29,18,10,1,0,152.1,184,129,99,4,83,0,82,2,0,3,605,73,3.49,1.753,10.9,0.2,4.9,4.8,0.99,1,BBBCAGHGIABMRSNYCSNS,blackcl01
376,Pasqual Martínez,71,10,1924,1924,25-25,0,7,.000,7,6.07,10,9,3,0,0,56.1,80,53,38,4,24,,21,2,0,0,275,71,4.30,1.846,12.8,0.6,3.8,3.4,0.88,1,CSW,martipa04
377,Charlie Beverly,71,37,1925,1939,25-39,6,15,.286,21,7.19,37,20,10,0,0,167.2,225,153,134,4,68,,60,3,,2,789,71,1.16,1.748,12.1,0.2,3.7,3.2,0.88,1,BBBCLSKCMNEPS,beverch01
378,Wilmer Harris,71,46,1945,1948,21-24,7,12,.368,19,5.78,46,24,9,2,1,187.0,202,141,120,5,89,0,122,3,0,1,856,71,3.17,1.556,9.7,0.2,4.3,5.9,1.37,1,PS,harriwi11
379,Jack Combs,71,65,1923,1926,,16,20,.444,36,6.56,65,40,10,0,1,300.1,352,249,219,19,130,,115,8,1,0,1371,71,3.17,1.605,10.5,0.6,3.9,3.4,0.88,1/79,DS,combsja01
380,Paul Carter,71,37,1932,1936,32-36,10,12,.455,22,6.43,37,25,13,2,2,176.1,230,151,126,15,64,,97,1,,3,815,71,4.13,1.667,11.7,0.8,3.3,5.0,1.52,1,BBSHILNBYPS,cartepa02
381,Johnny Johnson,71,37,1938,1946,22-30,3,14,.177,17,6.20,37,18,7,0,2,164.0,198,140,113,5,79,0,58,5,1,0,741,71,3.77,1.689,10.9,0.3,4.3,3.2,0.73,1,BEGHGNBYNE,johnsjo12
382,Charley Davidson,70,19,1940,1948,23-31,2,8,.200,10,5.50,19,9,3,0,0,93.1,125,73,57,4,35,2,20,3,0,1,435,70,3.95,1.714,12.1,0.4,3.4,1.9,0.57,1,BEGNBY,davidch01
383,Luis Pillot,70,12,1941,1946,23-28,1,3,.250,4,5.66,12,5,2,0,1,49.1,61,36,31,1,20,0,10,0,0,0,165,70,2.88,1.642,11.1,0.2,3.6,1.8,0.50,1/7,CCNBY,pillolu01
384,Pee Wee Jenkins,70,24,1944,1948,21-25,3,3,.500,6,5.59,24,6,2,0,0,67.2,81,54,42,2,33,0,51,3,0,3,322,70,3.15,1.685,10.8,0.3,4.4,6.8,1.55,1,BBBNYC,jenkipe01
385,Hulon Stamps,70,40,1924,1928,25-29,2,23,.080,25,5.87,40,26,11,0,0,211.2,247,172,138,0,74,,94,13,0,8,444,70,1.08,1.517,10.5,0.0,3.1,4.0,1.27,1/87,ABCMRS,stamphu01
386,Sijo Gómez,70,12,1929,1929,29-29,3,3,.500,6,7.53,12,7,3,0,0,63.1,92,61,53,5,32,,32,4,,1,308,70,4.51,1.958,13.1,0.7,4.5,4.5,1.00,1,CSE,gomezsi01
387,Frank Wickware,70,15,1920,1921,32-33,5,5,.500,10,5.20,15,11,4,0,0,72.2,79,52,42,7,30,,42,3,,2,319,70,4.33,1.500,9.8,0.9,3.7,5.2,1.40,1/8,CAGCOG,wickwfr01
388,Lefty Robinson,69,19,1924,1932,33-41,1,7,.125,8,6.41,19,9,3,0,0,80.0,111,72,57,1,23,,38,4,0,2,260,69,1.22,1.675,12.5,0.1,2.6,4.3,1.65,1/7,BBBBCASLS,robinle01
389,Larry Kimbrough,69,13,1942,1948,18-24,1,5,.167,6,6.75,13,4,0,0,0,44.0,54,43,33,1,23,0,14,0,0,1,188,69,3.75,1.750,11.0,0.2,4.7,2.9,0.61,1/57689,HGPS,kimbrla01
390,Johnnie Bob Dixon,69,30,1926,1934,27-35,2,7,.222,9,6.19,30,11,5,0,2,136.2,179,118,94,7,44,,48,5,0,0,593,69,3.91,1.632,11.8,0.5,2.9,3.2,1.09,1,CHTCRSCTGCUPDSSLS,dixonjo01
391,Harold Hairston,69,15,1946,1947,24-25,3,4,.429,7,6.42,15,5,3,0,1,54.2,55,44,39,6,20,1,25,2,0,1,250,69,4.30,1.372,9.1,1.0,3.3,4.1,1.25,1,HG,hairsha01
392,Willie Hudson,68,11,1939,1942,21-24,4,3,.571,7,5.70,11,6,3,0,0,47.1,49,37,30,,35,,23,2,,1,,68,,1.775,9.3,,6.7,4.4,0.66,17/389,CAGKCM,hudsofr01
393,John Wesley Johnson,68,38,1924,1930,,3,13,.188,16,6.54,38,22,8,0,1,170.2,218,153,124,9,91,,66,14,0,7,795,68,4.51,1.811,11.5,0.5,4.8,3.5,0.73,13,CAGCBNCELCTG,johnsjo10
394,Walter Ball,68,15,1920,1921,41-42,1,9,.100,10,5.44,15,12,6,0,0,86.0,107,66,52,4,46,,31,8,,0,404,68,4.74,1.779,11.2,0.4,4.8,3.2,0.67,1/9,COG,ballwa01
395,Thomas Albright,68,14,1929,1936,19-26,0,5,.000,5,7.74,14,4,3,0,1,54.2,85,55,47,7,17,,14,1,,0,256,68,4.99,1.866,14.0,1.2,2.8,2.3,0.82,1,ACNYC,albrith01
396,Ossie Brown,68,15,1935,1939,,2,8,.200,10,7.24,15,12,4,0,0,78.1,95,71,63,4,32,,45,0,,3,293,68,3.35,1.621,10.9,0.5,3.7,5.2,1.41,1,CAGSL3,brownos02
397,Alex Evans,68,11,1924,1924,28-28,2,5,.286,7,6.42,11,7,4,0,0,54.2,65,48,39,0,31,,28,1,0,1,150,68,1.84,1.756,10.7,0.0,5.1,4.6,0.90,1/39,ABCACMRS,evansal02
398,Purnell Mincy,67,11,1938,1940,22-24,0,4,.000,4,7.39,11,6,0,0,0,31.2,38,31,26,0,20,,12,0,,0,16,67,0.48,1.832,10.8,0.0,5.7,3.4,0.60,1,NBYNEPCPS,mincypu01
399,Herbert Gay,67,13,1929,1930,20-21,2,2,.500,4,6.62,13,9,3,0,0,53.0,59,44,39,,35,,11,2,,1,,67,,1.774,10.0,,5.9,1.9,0.31,1,BBBCAG,gayhe01
400,Bill Nuttall,67,24,1924,1926,,3,10,.231,13,7.00,24,14,8,0,2,106.2,151,94,83,1,31,,32,5,,3,374,67,0.55,1.706,12.7,0.1,2.6,2.7,1.03,1,ACNLG,nuttabi01
401,Cocaína García,67,36,1927,1935,21-29,5,19,.208,24,6.21,36,30,16,0,0,205.2,273,176,142,9,74,,87,8,,3,539,67,2.36,1.687,11.9,0.4,3.2,3.8,1.18,19/738,CSWNYC,garcico01
402,Ventura López,67,12,1929,1929,20-20,0,5,.000,5,6.47,12,7,2,0,0,55.2,81,57,40,,17,,12,3,,1,,67,,1.760,13.1,,2.7,1.9,0.71,1,CSW,lopezve01
403,Johnny Davis,66,16,1940,1948,23-31,5,6,.455,11,6.62,16,9,5,0,1,70.2,88,60,52,2,37,0,41,3,0,1,332,66,3.42,1.769,11.2,0.3,4.7,5.2,1.11,7819/3,NE,davisjo07
404,Rogelio Alonso,66,20,1927,1930,21-24,2,9,.182,11,6.18,20,13,7,0,0,106.1,137,82,73,6,41,,43,0,,1,150,66,1.86,1.674,11.6,0.5,3.5,3.6,1.05,*791/38,CSW,alonsro01
405,Rodolfo Fernández,66,19,1935,1946,24-35,2,4,.333,6,7.25,19,7,3,0,0,58.1,82,51,47,3,23,1,28,1,0,1,260,66,3.38,1.800,12.7,0.5,3.5,4.3,1.22,1/9,NBYNYC,fernaro01
406,Richard Cannon,66,36,1928,1932,18-22,8,13,.381,21,6.39,36,27,12,1,0,198.2,244,177,141,6,110,,90,8,,7,371,66,2.21,1.782,11.1,0.3,5.0,4.1,0.82,1,BBBCCULVBNEGSLS,cannori01
407,Joe Lillard,65,15,1932,1937,27-32,4,3,.571,7,6.30,15,9,3,0,0,64.1,78,53,45,3,25,0,33,1,0,0,201,65,2.83,1.601,10.9,0.4,3.5,4.6,1.32,71/923,CAGCT,lillajo01
408,Herbert Smith,64,16,1920,1924,,3,4,.429,7,6.51,16,7,3,0,0,66.1,92,65,48,1,21,,32,5,,1,134,64,1.77,1.704,12.5,0.1,2.8,4.3,1.52,1/93,CAGCOGKCMSLGWP,smithhe02
409,Sack Morgan,64,11,1945,1948,,3,3,.500,6,6.75,11,5,1,0,0,48.0,63,50,36,3,38,0,22,0,0,3,249,64,4.97,2.104,11.8,0.6,7.1,4.1,0.58,1,BEGMRS,morgasa01
410,Fred Daniels,62,21,1924,1927,31-34,2,9,.182,11,6.66,21,16,2,1,0,77.0,93,76,57,0,60,,29,6,0,5,78,62,0.38,1.987,10.9,0.0,7.0,3.4,0.48,91/7,BBBNLG,daniefr01
411,Cándido Salazar,62,14,1924,1924,26-26,2,6,.250,8,6.94,14,11,4,0,0,70.0,67,61,54,2,57,,39,2,0,3,333,62,4.53,1.771,8.6,0.3,7.3,5.0,0.68,1,CSW,salazca01
412,Rosey McCauley,61,13,1930,1930,,1,7,.125,8,7.83,13,7,3,1,0,46.0,49,45,40,,33,,42,0,,1,,61,,1.783,9.6,,6.5,8.2,1.27,1/9,NEG,mccauro01
413,Willie Burns,61,33,1935,1945,19-29,4,10,.286,14,7.88,33,15,4,0,0,133.2,185,136,117,8,63,0,46,7,0,4,529,61,3.80,1.855,12.5,0.5,4.2,3.1,0.73,1/79,BEGCAGCCNBYNDNENYC,burnswi01
414,George Mack,60,12,1945,1945,,3,5,.375,8,6.84,12,6,2,0,0,51.1,62,46,39,6,35,0,24,1,0,0,254,60,5.38,1.890,10.9,1.1,6.1,4.2,0.69,1,NBY,mackge01
415,Herlen Ragland,60,12,1920,1921,24-25,3,6,.333,9,6.02,12,6,3,0,0,49.1,49,44,33,1,28,,22,2,,3,230,60,4.00,1.561,8.9,0.2,5.1,4.0,0.79,1/789,ABCCOBDM,raglahe01
416,Ewing Waddy,60,18,1932,1933,21-22,2,7,.222,9,6.61,18,11,4,0,0,77.2,110,74,57,1,28,,30,3,,2,212,60,2.11,1.777,12.7,0.1,3.2,3.5,1.07,1/3,AB2ID,waddyew01
417,Hosea Allen,59,16,1941,1947,22-28,1,7,.125,8,6.85,16,7,3,0,1,69.2,92,61,53,2,24,0,33,3,0,1,113,59,1.42,1.665,11.9,0.3,3.1,4.3,1.38,1,CBEICJRC,allenho02
418,Alonza Bailey,59,16,1934,1935,30-31,3,6,.333,9,7.77,16,10,3,0,1,66.0,92,71,57,1,27,,33,1,,0,321,59,3.65,1.803,12.5,0.1,3.7,4.5,1.22,1,ND,baileal01
419,Half Pint Allen,58,15,1932,1934,,6,7,.462,13,7.20,15,11,4,2,0,80.0,96,70,64,8,29,,37,0,,1,357,58,4.32,1.563,10.8,0.9,3.3,4.2,1.28,1,BBS,allenha03
420,Percy Forest,58,36,1938,1946,21-29,3,18,.143,21,7.72,36,25,9,0,0,173.2,239,182,149,12,83,0,50,2,0,5,785,58,4.14,1.854,12.4,0.6,4.3,2.6,0.60,1/789,CAGNBYNE,forrepe01
421,Morris Williams,58,21,1920,1921,,4,10,.286,14,6.28,21,19,4,1,0,104.2,130,92,73,2,48,,33,8,,0,493,58,4.09,1.701,11.2,0.2,4.1,2.8,0.69,1,ABC,willimo01
422,Tom Jackson,57,22,1926,1928,,3,5,.375,8,7.13,22,12,2,0,0,65.2,88,58,52,0,46,,24,3,0,1,116,57,1.44,2.041,12.1,0.0,6.3,3.3,0.52,1/87,CTGMRSSLS,jacksto01
423,Mario Pedemonte,56,15,1926,1926,,2,10,.167,12,8.11,15,13,4,0,0,71.0,103,83,64,11,41,,30,5,0,5,348,56,6.14,2.028,13.1,1.4,5.2,3.8,0.73,1/34,CSW,pedemma01
424,Pedro Silva,56,19,1922,1922,22-22,3,11,.214,14,8.08,19,13,8,0,0,113.2,165,127,102,9,69,,34,9,,3,578,56,5.64,2.059,13.1,0.7,5.5,2.7,0.49,17/32,CSW,silvape01
425,Isaac Lane,54,22,1920,1922,31-33,1,4,.200,5,6.94,22,7,1,0,1,84.1,106,77,65,4,31,,22,1,,0,382,54,4.21,1.625,11.3,0.4,3.3,2.3,0.71,5197/8,COBDMDS,laneis01
426,Justo Domínguez,53,13,1925,1925,,2,7,.222,9,9.87,13,8,2,0,0,52.0,80,59,57,,20,,12,0,,0,253,53,,1.923,13.8,,3.5,2.1,0.60,1/59,CSW,dominju02
427,Charles Heywood,52,13,1925,1926,,0,4,.000,4,9.32,13,5,2,0,0,56.0,89,73,58,2,30,,20,5,,3,288,52,1.00,2.125,14.3,0.3,4.8,3.2,0.67,1,NLG,heywoch01
428,Leonard Johnson,52,12,1947,1948,27-28,1,8,.111,9,9.18,12,8,2,0,0,51.0,81,64,52,5,25,0,21,3,0,0,256,52,4.79,2.078,14.3,0.9,4.4,3.7,0.84,1/7,CAGKCM,johnsle04
429,Walter Thomas,52,18,1935,1946,23-34,3,7,.300,10,9.50,18,10,3,0,0,72.0,126,89,76,4,26,0,34,1,0,4,364,52,4.08,2.111,15.8,0.5,3.3,4.3,1.31,918/756,CAGDTSKCM,thomawa02
430,James Field,52,11,1921,1921,30-30,2,3,.400,5,7.41,11,9,2,0,0,58.1,81,57,48,2,25,,26,1,,0,279,52,4.03,1.817,12.5,0.3,3.9,4.0,1.04,1,SLG,fieldja01
431,Archie Cole,50,10,1923,1924,22-23,1,3,.250,4,9.11,10,5,0,0,0,26.2,35,34,27,2,22,,12,1,1,0,134,50,5.63,2.138,11.8,0.7,7.4,4.1,0.55,1,DSKCMTT,colear01
432,Al Wilmore,47,12,1947,1948,22-23,2,5,.286,7,7.98,12,6,1,0,1,53.0,68,56,47,3,31,0,30,0,0,4,258,47,4.06,1.868,11.5,0.5,5.3,5.1,0.97,1/47,BEGPS,wilmoal01
433,Jimmy Reese,46,19,1934,1940,,0,2,.000,2,9.63,19,8,1,0,0,43.0,68,55,46,1,24,,14,1,,0,195,46,3.71,2.140,14.2,0.2,5.0,2.9,0.58,1,BCABEBEGCRS,reeseji02
434,Ray Robinson,45,10,1938,1947,,1,4,.200,5,9.12,10,8,2,0,0,24.2,37,29,25,0,9,0,15,2,0,0,25,45,0.81,1.865,13.5,0.0,3.3,5.5,1.67,1,CCBNEPS,robinra02
435,Buddy Fields,42,15,1924,1926,,1,9,.100,10,10.51,15,8,0,0,1,55.2,110,94,65,4,19,,28,5,0,0,317,42,4.04,2.317,17.8,0.6,3.1,4.5,1.47,1/9,CBNCELDM,fieldbu01