"","Player","doubles","triples","home_runs","singles"
"Max","Max",0.25,0.25,0.25,0.25
"Min","Min",0,0,0,0
"Average","Average",0.0320843237164424,0.0111126436098249,0.00794404496956609,0.176840443059556
"1","Josh Gibson",0.0537634408602151,0.0230983671843887,0.0657108721624851,0.178414974113899
"2","Jackie Robinson",0.0948905109489051,0.0072992700729927,0.0291970802919708,0.197080291970803
"3","Charlie Smith",0.0706371191135734,0.0138504155124654,0.0443213296398892,0.214681440443213
"4","Ed Steele",0.0452586206896552,0.0301724137931034,0.0172413793103448,0.204741379310345
"5","Willard Brown",0.0724381625441696,0.0259128386336867,0.0306242638398115,0.201413427561837
"6","Oscar Charleston",0.0610802624936901,0.0201918223119637,0.0368500757193337,0.189298334174659
"7","Buck Leonard",0.0539906103286385,0.0183881064162754,0.0371674491392801,0.17527386541471
"8","Larry Doby",0.0533980582524272,0.0323624595469256,0.0323624595469256,0.176375404530744
"9","Turkey Stearnes",0.0531344674900956,0.0261011419249592,0.0433465392682358,0.184805406665113
"10","Mule Suttles",0.0586462044395725,0.0197314332693889,0.0490545354891751,0.17100575500137
"11","Marvin Williams",0.0635838150289017,0.0260115606936416,0.023121387283237,0.236994219653179
"12","Heavy Johnson",0.0595658758202928,0.0252397778899546,0.0287733467945482,0.213023725391217
"13","Ted Strong",0.0458248472505092,0.0122199592668024,0.0254582484725051,0.193482688391039
"14","Oscar Owens",0.0758293838862559,0.004739336492891,0.023696682464455,0.246445497630332
"15","Buzz Clarkson",0.0581867388362652,0.0121786197564276,0.0365358592692828,0.16914749661705
"16","John Beckwith",0.0681145113524186,0.0153010858835143,0.0375123395853899,0.192991115498519
"17","Pedro Díaz",0.0653266331658292,0.0351758793969849,0.0251256281407035,0.14572864321608
"18","Artie Wilson",0.0418326693227092,0.0239043824701195,0,0.262948207171315
"19","Monte Irvin",0.0477031802120141,0.0106007067137809,0.0335689045936396,0.203180212014134
"20","George Crowe",0.0357142857142857,0.0357142857142857,0.0297619047619048,0.19047619047619
"21","Cristóbal Torriente",0.0528900642236494,0.0200226671703816,0.0207782395164337,0.19304873441632
"22","Bonnie Serrell",0.0499075785582255,0.0277264325323475,0.0147874306839187,0.195933456561922
"23","Donald Reeves",0.0360655737704918,0.0262295081967213,0.0295081967213115,0.20327868852459
"24","Jud Wilson",0.0568053993250844,0.0140607424071991,0.0216535433070866,0.209223847019123
"25","Bill Pierce",0.0413223140495868,0.0330578512396694,0.0247933884297521,0.195592286501377
"26","Bullet Rogan",0.0446127946127946,0.0252525252525253,0.021043771043771,0.200757575757576
"27","Sam Jethroe",0.0690161527165932,0.0234948604992658,0.013215859030837,0.180616740088106
"28","Willie Wells",0.0566328779197885,0.0143234905244601,0.0308505949757602,0.182899955927721
"29","Hank Thompson",0.044822256568779,0.0231839258114374,0.0231839258114374,0.190108191653787
"30","Darius Bea",0.083969465648855,0.0152671755725191,0.0229007633587786,0.190839694656489
"31","Rap Dixon",0.0503833515881709,0.0197152245345016,0.031763417305586,0.184008762322015
"32","Edgar Wesley",0.0470809792843691,0.0103578154425612,0.0386064030131827,0.189736346516008
"33","Wyman Smith",0.109243697478992,0.00840336134453781,0.0168067226890756,0.168067226890756
"34","Charlie Blackwell",0.0423020167240531,0.0206591244466306,0.0211510083620266,0.192326610919823
"35","Dobie Moore",0.0587649402390438,0.024402390438247,0.0169322709163347,0.217131474103586
"36","Bob Boyd",0.0645161290322581,0.00645161290322581,0.0129032258064516,0.258064516129032
"37","Babe Melton",0.0429864253393665,0.0407239819004525,0.0361990950226244,0.178733031674208
"38","George Scales",0.0597072419106317,0.0119414483821263,0.024653312788906,0.168721109399076
"39","Bill Hoskins",0.0426573426573427,0.0258741258741259,0.0223776223776224,0.204895104895105
"40","Alejandro Oms",0.0575479566305254,0.0150125104253545,0.0258548790658882,0.185988323603002
"41","Dave Harper",0.0458015267175573,0.0381679389312977,0,0.213740458015267
"42","Les Pearson",0.025,0.0333333333333333,0.0166666666666667,0.208333333333333
"43","Oscar Boone",0.0288461538461538,0.00961538461538462,0,0.259615384615385
"44","Butch Davis",0.0416666666666667,0.0416666666666667,0.0104166666666667,0.222222222222222
"45","Rags Roberts",0.040650406504065,0.024390243902439,0,0.203252032520325
"46","Tetelo Vargas",0.0484739676840215,0.0179533213644524,0.00538599640933573,0.245960502692998
"47","Roy Campanella",0.0571428571428571,0.0142857142857143,0.0202380952380952,0.196428571428571
"48","L. Davis",0.0437158469945355,0.0327868852459016,0.0163934426229508,0.185792349726776
"49","Luke Easter",0.0471698113207547,0.0212264150943396,0.0259433962264151,0.155660377358491
"50","Neil Robinson",0.050949050949051,0.013986013986014,0.01998001998002,0.175824175824176
"51","Piper Davis",0.0506535947712418,0.0212418300653595,0.0130718954248366,0.189542483660131
"52","Fred Long",0.0576271186440678,0.0372881355932203,0.023728813559322,0.172881355932203
"53","Bob Thurman",0.0489690721649485,0.0180412371134021,0.0206185567010309,0.219072164948454
"54","Martín Dihigo",0.0432926829268293,0.0115853658536585,0.0414634146341463,0.169512195121951
"55","Willie Bobo",0.05249343832021,0.015748031496063,0.0170603674540682,0.176509186351706
"56","Johnny Davis",0.0439963336388634,0.0109990834097159,0.0265811182401467,0.181484876260312
"57","José Colás",0.0769230769230769,0.0341880341880342,0.00854700854700855,0.179487179487179
"58","Sonny Harris",0.0699300699300699,0.020979020979021,0.00699300699300699,0.153846153846154
"59","Roy Parnell",0.0503273322422259,0.0196399345335516,0.0159574468085106,0.208265139116203
"60","Joe Greene",0.0337756332931242,0.0241254523522316,0.0180940892641737,0.143546441495778
"61","Lewis Hampton",0.0403669724770642,0.0165137614678899,0.0422018348623853,0.181651376146789
"62","Hurley McNair",0.0408486383787207,0.0221659278024066,0.0139328689043699,0.204876504116529
"63","Wild Bill Wright",0.0486666666666667,0.026,0.0173333333333333,0.204666666666667
"64","Minnie Miñoso",0.0557692307692308,0.0230769230769231,0.0173076923076923,0.192307692307692
"65","Dana Holt",0.0614035087719298,0.0175438596491228,0,0.280701754385965
"66","Pat Patterson",0.0556826849733028,0.0198321891685736,0.0183066361556064,0.202135774218154
"67","Frankie Austin",0.0530973451327434,0.0123893805309735,0.00265486725663717,0.234513274336283
"68","Pete Hill",0.0359477124183007,0.0130718954248366,0.011437908496732,0.191176470588235
"69","Ben Taylor",0.0513307984790875,0.0140684410646388,0.00988593155893536,0.223574144486692
"70","Howard Easterling",0.0479041916167665,0.0273738237810094,0.0128314798973482,0.199315654405475
"71","Ed Rile",0.0551967116852613,0.0170287727539636,0.0217263652378156,0.184967704051674
"72","Chick Harper",0.0510204081632653,0.0102040816326531,0.0204081632653061,0.183673469387755
"73","Biz Mackey",0.0472078295912493,0.0164075993091537,0.0149683362118595,0.211571675302245
"74","Al Smith",0.0335570469798658,0.0335570469798658,0.0268456375838926,0.167785234899329
"75","George Carr",0.0498891352549889,0.0140428677014043,0.0206947524020695,0.195121951219512
"76","John Henry Lloyd",0.0475929978118162,0.0147702407002188,0.0087527352297593,0.240153172866521
"77","Steel Arm Davis",0.0509554140127389,0.0220034742327736,0.0150550086855819,0.201505500868558
"78","Sam Bennett",0.032967032967033,0.010989010989011,0.0192307692307692,0.228021978021978
"79","Lorenzo Cabrera",0.0537313432835821,0.017910447761194,0.017910447761194,0.191044776119403
"80","Henry Kimbro",0.0426655830963023,0.0195042665583096,0.0121901665989435,0.186915887850467
"81","Pancho Coimbre",0.0478723404255319,0.0106382978723404,0.0106382978723404,0.235815602836879
"82","Dick Lundy",0.0541850220264317,0.0140969162995595,0.0158590308370044,0.209691629955947
"83","Ed Stone",0.0390818858560794,0.0210918114143921,0.0173697270471464,0.194789081885856
"84","Blainey Hall",0.0446096654275093,0.0111524163568773,0.0111524163568773,0.237918215613383
"85","David Whatley",0.0432900432900433,0.0194805194805195,0.0108225108225108,0.222943722943723
"86","Fred Wilson",0.0263157894736842,0.0043859649122807,0.0131578947368421,0.232456140350877
"87","Branch Russell",0.0395630351343372,0.0215529967522882,0.016829052258636,0.184824328314142
"88","Luther Farrell",0.0395778364116095,0.0105540897097625,0.0237467018469657,0.196569920844327
"89","Wilson Redus",0.0420141116100064,0.0141116100064144,0.0275817831943554,0.186658114175754
"90","Louis Santop",0.0416666666666667,0.0130208333333333,0.0182291666666667,0.216145833333333
"91","Doc Dudley",0.0441810344827586,0.021551724137931,0.0140086206896552,0.182112068965517
"92","Babe Davis",0.0552995391705069,0.0230414746543779,0.00921658986175115,0.179723502304147
"93","Cool Papa Bell",0.0484736355226642,0.0133209990749306,0.0105457909343201,0.213691026827012
"94","Robert Hudspeth",0.049013367281986,0.0120942075111394,0.0222788033099936,0.196053469127944
"95","Irvin Brooks",0.0349040139616056,0.0087260034904014,0.0279232111692845,0.204188481675393
"96","Silvio García",0.0430327868852459,0.0122950819672131,0.0184426229508197,0.219262295081967
"97","James Bray",0.0315315315315315,0.018018018018018,0.00900900900900901,0.198198198198198
"98","Clint Thomas",0.0479310344827586,0.0213793103448276,0.0193103448275862,0.182068965517241
"99","Charlie Mason",0.0348837209302326,0.0123546511627907,0.0276162790697674,0.197674418604651
"100","Homer Curry",0.0368126747437092,0.0144454799627213,0.0111835973904939,0.185927306616962
"101","Lennie Pearson",0.046281851274051,0.0119604784191368,0.0275611024440978,0.183047321892876
"102","Sam Hairston",0.0482456140350877,0.0087719298245614,0.0109649122807018,0.210526315789474
"103","León Kellman",0.0309278350515464,0.0103092783505155,0.00515463917525773,0.185567010309278
"104","Jesse Douglas",0.0353260869565217,0.0190217391304348,0.00271739130434783,0.214673913043478
"105","Luis Márquez",0.0469011725293132,0.00837520938023451,0.0150753768844221,0.21105527638191
"106","Bob Harvey",0.0425776754890679,0.0126582278481013,0.0103567318757192,0.216340621403913
"107","Henry Turner",0.0382165605095541,0.0254777070063694,0.00318471337579618,0.187898089171975
"108","Sammy Hughes",0.0485053581500282,0.0152284263959391,0.011844331641286,0.195713479977439
"109","Fred Boyd",0.0540540540540541,0.0225225225225225,0.00900900900900901,0.211711711711712
"110","Henry McCall",0.0485436893203883,0.0145631067961165,0.00970873786407767,0.237864077669903
"111","Pythias Russ",0.0515873015873016,0.0206349206349206,0.0111111111111111,0.214285714285714
"112","Dan Kennard",0.0585774058577406,0.0153417015341702,0.0181311018131102,0.170153417015342
"113","Pat Scantlebury",0.0368663594470046,0.032258064516129,0.00460829493087558,0.207373271889401
"114","Felix McLaurin",0.0266666666666667,0.0183333333333333,0.00833333333333333,0.215
"115","Valentín Dreke",0.0409244102070294,0.0115551275878671,0.00722195474241695,0.238324506499759
"116","Orville Singer",0.0409090909090909,0.0136363636363636,0.00909090909090909,0.239772727272727
"117","Tommie Dukes",0.0463242698892246,0.0161127895266868,0.013091641490433,0.201409869083585
"118","Robert Mitchell",0.0333333333333333,0.0166666666666667,0.0166666666666667,0.175
"119","Alejandro Crespo",0.0311111111111111,0.0222222222222222,0.0177777777777778,0.226666666666667
"120","Jesse Barber",0.0380952380952381,0.019047619047619,0.0380952380952381,0.142857142857143
"121","Henry Gillespie",0.00970873786407767,0.0485436893203883,0.00970873786407767,0.223300970873786
"122","Jesse Hubbard",0.0414634146341463,0.0195121951219512,0.0219512195121951,0.171951219512195
"123","Jabbo Andrews",0.0387972841901067,0.0193986420950533,0.0193986420950533,0.192046556741028
"124","Leon Day",0.0459418070444104,0.0153139356814701,0.00918836140888208,0.218989280245023
"125","Esteban Montalvo",0.0446927374301676,0.017877094972067,0.0290502793296089,0.150837988826816
"126","Clarence Smith",0.0407391852162957,0.0226795464090718,0.0125997480050399,0.220495590088198
"127","Candy Jim Taylor",0.038961038961039,0.00742115027829314,0.0241187384044527,0.192022263450835
"128","Walter Cannady",0.0503634475597092,0.0145379023883697,0.0155763239875389,0.208203530633437
"129","Art Pennington",0.022964509394572,0.0146137787056367,0.0125260960334029,0.183716075156576
"130","Jules Thomas",0.0417827298050139,0.0167130919220056,0.0250696378830084,0.183844011142061
"131","Jimmie Lyons",0.0350877192982456,0.0140350877192982,0.0140350877192982,0.2
"132","Parnell Woods",0.0345268542199488,0.0217391304347826,0.0051150895140665,0.209718670076726
"133","Leonard Henderson",0.0247933884297521,0,0.0165289256198347,0.231404958677686
"134","Otto Ray",0.0493273542600897,0.0284005979073244,0.00747384155455904,0.170403587443946
"135","Sam Warmack",0.0572519083969466,0.0267175572519084,0.00763358778625954,0.190839694656489
"136","Wade Johnston",0.037212449255751,0.0186062246278755,0.0145466847090663,0.196887686062246
"137","Henry Spearman",0.053388090349076,0.0130047912388775,0.0157426420260096,0.190965092402464
"138","Bill Gatewood",0.0346320346320346,0.00865800865800866,0.0216450216450216,0.16017316017316
"139","Charlie Biot",0.0516717325227964,0.0212765957446809,0.0121580547112462,0.17629179331307
"140","Ed Mayweather",0.0421052631578947,0.0228070175438597,0.012280701754386,0.166666666666667
"141","Ernest Duff",0.0509433962264151,0.0113207547169811,0.00754716981132075,0.235849056603774
"142","Chaney White",0.0389408099688473,0.0159657320872274,0.0101246105919003,0.220794392523364
"143","Fats Jenkins",0.036016007114273,0.00933748332592263,0.00711427301022677,0.237883503779458
"144","Mitchell Murray",0.0455764075067024,0.00750670241286863,0.0155495978552279,0.194101876675603
"145","Eugene Bremer",0.0599078341013825,0.0230414746543779,0,0.179723502304147
"146","Lyman Bostock",0.0347593582887701,0.018716577540107,0,0.219251336898396
"147","L.D. Livingston",0.0354609929078014,0.0312056737588652,0.0212765957446809,0.156028368794326
"148","Tommy Sampson",0.0197461212976023,0.0155148095909732,0.00282087447108604,0.241184767277856
"149","Eli Chism",0.0588235294117647,0.0392156862745098,0,0.166666666666667
"150","Emery Adams",0.0471976401179941,0.0147492625368732,0,0.238938053097345
"151","Fred Bell",0.0274725274725275,0.0247252747252747,0.032967032967033,0.151098901098901
"152","Bert Johnson",0.0352422907488987,0.0220264317180617,0.0176211453744493,0.201174743024963
"153","Zollie Wright",0.0274261603375527,0.0147679324894515,0.0147679324894515,0.199367088607595
"154","Clarence Palm",0.0383647798742138,0.0113207547169811,0.0308176100628931,0.184905660377358
"155","Leslie Green",0.0396600566572238,0.0084985835694051,0.0084985835694051,0.161473087818697
"156","Vic Harris",0.0410351201478743,0.0173752310536044,0.011090573012939,0.201478743068392
"157","Lloyd Davenport",0.0457446808510638,0.0117021276595745,0.00319148936170213,0.207446808510638
"158","Johnny Smith",0.0282861896838602,0.0149750415973378,0.00332778702163062,0.24459234608985
"159","Jess Brooks",0.0630630630630631,0.027027027027027,0.00900900900900901,0.135135135135135
"160","Alex Radcliff",0.0492468134414832,0.0168018539976825,0.0110081112398609,0.19351100811124
"161","Nat Rogers",0.0440785979819437,0.0143388210302708,0.00637280934678704,0.213489113117366
"162","George Giles",0.0486680327868852,0.0153688524590164,0.00461065573770492,0.203381147540984
"163","Earl Gurley",0.0441176470588235,0.0213903743315508,0.0120320855614973,0.175133689839572
"164","Quincy Trouppe",0.0447761194029851,0.0167910447761194,0.0111940298507463,0.154850746268657
"165","Ed Young",0.0512820512820513,0.0120663650075415,0.0120663650075415,0.176470588235294
"166","Tom Young",0.0470588235294118,0.0201680672268908,0.0092436974789916,0.189075630252101
"167","Clemente Carreras",0.0352941176470588,0.00392156862745098,0.0196078431372549,0.184313725490196
"168","Dewey Creacy",0.0366649924660974,0.0150678051230537,0.0213460572576595,0.183576092415871
"169","Newt Joseph",0.0468497576736672,0.0145395799676898,0.0125201938610662,0.175282714054927
"170","Frank McCoy",0.0672268907563025,0.00840336134453781,0,0.226890756302521
"171","C.B. Griffin",0.0402010050251256,0,0.0251256281407035,0.190954773869347
"172","Willie Nixon",0.0442477876106195,0.0176991150442478,0.0176991150442478,0.141592920353982
"173","Louis Dula",0.0727272727272727,0,0.0272727272727273,0.190909090909091
"174","Lázaro Salazar",0.0457516339869281,0.00816993464052288,0.0147058823529412,0.194444444444444
"175","Matthew Jackson",0.019047619047619,0.019047619047619,0,0.238095238095238
"176","Buddy Burbage",0.0440677966101695,0.0180790960451977,0.0112994350282486,0.188700564971751
"177","Henry Milton",0.032258064516129,0.0167741935483871,0.00774193548387097,0.192258064516129
"178","Charlie Spearman",0.0483870967741935,0.00716845878136201,0.0232974910394265,0.184587813620072
"179","Bernardo Baró",0.0344622697563874,0.0124777183600713,0.0095068330362448,0.221628045157457
"180","Stack Martin",0.0542035398230089,0.0199115044247788,0.0199115044247788,0.194690265486726
"181","Ray Dandridge",0.055,0.019,0.004,0.218
"182","Jim Williams",0.0592495062541145,0.00921658986175115,0.00592495062541146,0.208689927583937
"183","Joe Scott",0.036036036036036,0.0144144144144144,0.00540540540540541,0.230630630630631
"184","Johnny Washington",0.0377595972309629,0.0176211453744493,0.00818124606670862,0.227186910006293
"185","Marshall Riddle",0.0296127562642369,0.0227790432801822,0.00227790432801822,0.189066059225513
"186","Koke Alexander",0.0360824742268041,0.0206185567010309,0.00515463917525773,0.182989690721649
"187","George Johnson",0.0517998244073749,0.0105355575065847,0.0175592625109745,0.172958735733099
"188","Larnie Jordan",0.0423452768729642,0.0195439739413681,0.00651465798045603,0.224755700325733
"189","George Bennette",0.0127118644067797,0.00847457627118644,0.00423728813559322,0.216101694915254
"190","Eddie Douglass",0.0432276657060519,0.00864553314121038,0.0201729106628242,0.207492795389049
"191","George Minor",0.0172413793103448,0.0344827586206897,0,0.21551724137931
"192","Hilton Smith",0.0485074626865672,0.0111940298507463,0.0111940298507463,0.205223880597015
"193","Claro Duany",0.0532786885245902,0.00409836065573771,0.00819672131147541,0.200819672131148
"194","Nip Winters",0.0594900849858357,0.018413597733711,0.018413597733711,0.162889518413598
"195","Red Hale",0.0185185185185185,0.0462962962962963,0.0277777777777778,0.138888888888889
"196","Verdell Mathis",0.027027027027027,0.0027027027027027,0.0027027027027027,0.232432432432432
"197","Leroy Morney",0.0416666666666667,0.0120056497175141,0.0077683615819209,0.186440677966102
"198","Bill Riggins",0.0404074702886248,0.0139219015280136,0.0139219015280136,0.18641765704584
"199","Perry Hall",0.0540540540540541,0.0045045045045045,0.00900900900900901,0.220720720720721
"200","Frank Williams",0.0408163265306122,0.0136054421768707,0,0.17687074829932
"201","Bill Williams",0.0286298568507157,0.016359918200409,0.00511247443762781,0.184049079754601
"202","George Gill",0.0414201183431953,0.0177514792899408,0,0.230769230769231
"203","Joe Craig",0.0106951871657754,0.0106951871657754,0.0053475935828877,0.213903743315508
"204","Archie Ware",0.0369276218611521,0.0103397341211226,0.00443131462333826,0.205317577548006
"205","Eudie Napier",0.0255591054313099,0.0159744408945687,0.00958466453674121,0.194888178913738
"206","Johnny Jones",0.0374732334047109,0.0160599571734475,0.012847965738758,0.197537473233405
"207","Leovigildo Xiqués",0.0171428571428571,0.0114285714285714,0,0.228571428571429
"208","Poindexter Williams",0.0405759162303665,0.0163612565445026,0.0143979057591623,0.200261780104712
"209","Tom Parker",0.0436456996148909,0.0141206675224647,0.0154043645699615,0.195121951219512
"210","Jerry Benjamin",0.0330450895614577,0.012970969734404,0.0086473131562693,0.208462013588635
"211","Rich Gee",0.0501193317422434,0.00954653937947494,0.0119331742243437,0.183770883054893
"212","Herb Souell",0.0274914089347079,0.0144329896907217,0.00412371134020619,0.225429553264605
"213","Lester Lockett",0.0394412489728841,0.0131470829909614,0.00657354149548069,0.199671322925226
"214","Willie Grace",0.0298913043478261,0.0108695652173913,0,0.233695652173913
"215","John Donaldson",0.0350109409190372,0.0109409190371991,0.00656455142231947,0.212253829321663
"216","Bob Wilson",0.0303951367781155,0.00303951367781155,0.00911854103343465,0.231003039513678
"217","Bill Carter",0.0480769230769231,0.00480769230769231,0,0.254807692307692
"218","Armando Vázquez",0.0204081632653061,0.0153061224489796,0.0102040816326531,0.204081632653061
"219","Codie Spearman",0.0431034482758621,0,0.00862068965517241,0.258620689655172
"220","Buddy Armour",0.0441595441595442,0.0128205128205128,0.00427350427350427,0.188034188034188
"221","Jim West",0.0381679389312977,0.0145401672119229,0.0119956379498364,0.188295165394402
"222","Percy Wilson",0.0559440559440559,0.0244755244755245,0.0104895104895105,0.171328671328671
"223","Cleo Smith",0.0358974358974359,0.0179487179487179,0.0102564102564103,0.182051282051282
"224","Dan Thomas",0.0258899676375405,0.0161812297734628,0.00647249190938511,0.233009708737864
"225","Johnny Robinson",0.0452674897119342,0.00823045267489712,0.0205761316872428,0.201646090534979
"226","Judy Johnson",0.0518064076346285,0.0136332651670075,0.00852079072937969,0.201772324471711
"227","Harry Simpson",0.0416666666666667,0.00657894736842105,0.00657894736842105,0.203947368421053
"228","Butler White",0.0357142857142857,0.0285714285714286,0.00714285714285714,0.171428571428571
"229","Claude Johnson",0.0328336902212705,0.00499643112062812,0.0114204139900071,0.199857244825125
"230","Harry Williams",0.0440967283072546,0.015647226173542,0.0120910384068279,0.191322901849218
"231","Oliver Marcell",0.0327575938058368,0.01131625967838,0.0083382966051221,0.210839785586659
"232","Buck Ewing",0.0448275862068966,0.0241379310344828,0.0103448275862069,0.186206896551724
"233","John Bissant",0.0321931589537223,0.0181086519114688,0.00402414486921529,0.197183098591549
"234","Ray Noble",0.0524590163934426,0.019672131147541,0.0163934426229508,0.140983606557377
"235","Jim Starks",0.0420032310177706,0.00484652665589661,0.024232633279483,0.164781906300485
"236","Ray Brown",0.0531991373112868,0.01509705248023,0.0179726815240834,0.155283968368081
"237","Jim Gilliam",0.0371681415929204,0.015929203539823,0,0.180530973451327
"238","Ray Neil",0.0539772727272727,0.00852272727272727,0.00568181818181818,0.193181818181818
"239","Frank Stephens",0.0577777777777778,0.0111111111111111,0.0133333333333333,0.171111111111111
"240","Johnny Hundley",0.018348623853211,0.00917431192660551,0,0.211009174311927
"241","N. Stevens",0.0344827586206897,0.00862068965517241,0.00862068965517241,0.224137931034483
"242","Halley Harding",0.0447585394581861,0.0129564193168433,0.00235571260306243,0.199646643109541
"243","Ed Finney",0.0194174757281553,0.0145631067961165,0.00485436893203883,0.203883495145631
"244","Cleveland Clark",0.0365853658536585,0.0203252032520325,0.0040650406504065,0.16869918699187
"245","Fran Matthews",0.0311111111111111,0.0133333333333333,0.0133333333333333,0.162222222222222
"246","Pete Washington",0.0343300110741971,0.00941306755260244,0.0232558139534884,0.172203765227021
"247","Anastasio Santaella",0.06,0.004,0.004,0.196
"248","Red Moore",0.0352733686067019,0.0141093474426808,0.00529100529100529,0.194003527336861
"249","Emmett Wilson",0.0315789473684211,0.0263157894736842,0.00526315789473684,0.173684210526316
"250","Russell Awkard",0.0153846153846154,0.0153846153846154,0.0153846153846154,0.215384615384615
"251","Bill Johnson",0.0397923875432526,0.0190311418685121,0.013840830449827,0.176470588235294
"252","Bill Cooper",0.0380794701986755,0.00496688741721854,0.00993377483443709,0.198675496688742
"253","Rainey Bibbs",0.0277044854881266,0.0118733509234828,0.00131926121372032,0.224274406332454
"254","Lee Moody",0.0408602150537634,0.00645161290322581,0.0043010752688172,0.221505376344086
"255","Bill Cash",0.0345158197507191,0.0162991371045062,0.00767018216682646,0.182166826462128
"256","Buck O'Neil",0.0387275242047026,0.0159059474412171,0.00829875518672199,0.173582295988935
"257","Chico Renfroe",0.0364963503649635,0.0145985401459854,0.00182481751824818,0.171532846715328
"258","Newt Allen",0.0367647058823529,0.0127450980392157,0.00514705882352941,0.203186274509804
"259","Duke Cleveland",0.0184563758389262,0.00838926174496644,0.00335570469798658,0.209731543624161
"260","Ameal Brooks",0.0338983050847458,0.0127118644067797,0.019774011299435,0.156779661016949
"261","Elmer Wilson",0.051948051948052,0.0194805194805195,0.0324675324675325,0.136363636363636
"262","Jasper Washington",0.0630630630630631,0.00900900900900901,0.0045045045045045,0.207207207207207
"263","James Buford",0.029925187032419,0.0124688279301746,0.00748129675810474,0.226932668329177
"264","Goose Tatum",0.0375586854460094,0.0164319248826291,0.00704225352112676,0.187793427230047
"265","Clyde Spearman",0.026344676180022,0.0197585071350165,0.00439077936333699,0.194291986827662
"266","Tom Cooper",0.0245398773006135,0.00920245398773006,0.00613496932515337,0.196319018404908
"267","Gene Benson",0.0355630821337849,0.0135478408128704,0.00762066045723963,0.208298052497883
"268","Lou Dials",0.0396551724137931,0.0206896551724138,0.0120689655172414,0.158620689655172
"269","Otto Briggs",0.0313676286072773,0.0100376411543287,0.00250941028858218,0.208908406524467
"270","George Shively",0.0175658720200753,0.0200752823086575,0,0.230865746549561
"271","Spottswood Poles",0.0234375,0.0078125,0,0.2109375
"272","Willie Green",0.026378896882494,0.00959232613908873,0,0.206235011990408
"273","Bill Harvey",0.0333333333333333,0.0155555555555556,0.0155555555555556,0.153333333333333
"274","Archie Brathwaite",0.0438799076212471,0.0115473441108545,0.0092378752886836,0.173210161662818
"275","Thad Christopher",0.0402476780185759,0.00773993808049536,0.0170278637770898,0.153250773993808
"276","Sam Bankhead",0.0339483394833948,0.0125461254612546,0.00627306273062731,0.197047970479705
"277","Jake Dunn",0.0386352232814852,0.014550928248871,0.0125439036628199,0.182137481184144
"278","Harry Kenyon",0.0434451219512195,0.0144817073170732,0.00685975609756098,0.195121951219512
"279","Ángel Alfonso",0.0423162583518931,0.014105419450631,0.0118782479584261,0.170007423904974
"280","Sandy Thompson",0.036697247706422,0.00840978593272171,0.00267584097859327,0.225152905198777
"281","Alphonse Dunn",0.0170212765957447,0.0170212765957447,0.00425531914893617,0.178723404255319
"282","Sam Hill",0.0529100529100529,0,0.00529100529100529,0.206349206349206
"283","Charlie Parks",0.034136546184739,0.0120481927710843,0.00803212851405622,0.172690763052209
"284","Reinaldo Drake",0.0310077519379845,0.00775193798449612,0.00516795865633075,0.201550387596899
"285","O'Neal Pullen",0.0245901639344262,0.0163934426229508,0.00819672131147541,0.221311475409836
"286","Ray Sheppard",0.0414634146341463,0.0170731707317073,0.0121951219512195,0.184146341463415
"287","Bernell Longest",0.0339805825242718,0.00970873786407767,0,0.218446601941748
"288","Ruben Jones",0.043609022556391,0.0142857142857143,0.0120300751879699,0.200751879699248
"289","Dave Hoskins",0.0355871886120996,0.0160142348754448,0.00533807829181495,0.202846975088968
"290","Dan Wilson",0.0377880184331797,0.015668202764977,0.00184331797235023,0.192626728110599
"291","Mack Eggleston",0.0390913893291072,0.01162176439514,0.0126782884310618,0.170100369783413
"292","Pinky Ward",0.0373134328358209,0.0104477611940299,0.00597014925373134,0.171641791044776
"293","Clyde Nelson",0.0452127659574468,0.00531914893617021,0.0106382978723404,0.172872340425532
"294","Tom Finley",0.0533642691415313,0.00464037122969838,0.0174013921113689,0.165893271461717
"295","Edsall Walker",0.0254777070063694,0.0191082802547771,0.0159235668789809,0.187898089171975
"296","John Hines",0.0446293494704992,0.0128593040847201,0.00529500756429652,0.187594553706505
"297","Joe Strong",0.0492476060191518,0.00820793433652531,0.012311901504788,0.160054719562244
"298","Mickey Taborn",0.0589812332439678,0,0.00268096514745308,0.18230563002681
"299","Bill Perkins",0.0355603448275862,0.0145474137931034,0.015625,0.185344827586207
"300","Harry Else",0.0279329608938547,0.0111731843575419,0.00279329608938547,0.201117318435754
"301","Matt Carlisle",0.0341935483870968,0.02,0.00774193548387097,0.181935483870968
"302","Henry Williams",0.0472727272727273,0.0136363636363636,0.0145454545454545,0.190909090909091
"303","Dink Mothell",0.04073756432247,0.0137221269296741,0.00771869639794168,0.163379073756432
"304","Wesley Hicks",0.013953488372093,0.00930232558139535,0.00465116279069767,0.195348837209302
"305","Cheo Hernández",0.0471698113207547,0,0.0283018867924528,0.141509433962264
"306","Bill Byrd",0.035632183908046,0.0114942528735632,0.0183908045977011,0.168965517241379
"307","Willie Gray",0.0453808752025932,0.0145867098865478,0.00648298217179903,0.175040518638574
"308","Gene Baker",0.045,0.035,0.015,0.13
"309","Comer Cox",0.0235849056603774,0.00943396226415094,0.00471698113207547,0.231132075471698
"310","Pedro San Martin",0.0656934306569343,0.0072992700729927,0.0145985401459854,0.153284671532847
"311","LeRoy Taylor",0.0316498316498317,0.0121212121212121,0.00336700336700337,0.232996632996633
"312","Red McNeal",0.0326086956521739,0.0108695652173913,0.0072463768115942,0.188405797101449
"313","Sylvester Snead",0.0609318996415771,0.010752688172043,0.003584229390681,0.125448028673835
"314","Ike Thomas",0.0277777777777778,0,0,0.222222222222222
"315","Ramón Rojas",0.0338983050847458,0.00847457627118644,0.0169491525423729,0.194915254237288
"316","John Miles",0.0404624277456647,0.0115606936416185,0.023121387283237,0.144508670520231
"317","Porter Dallas",0.0348837209302326,0.00290697674418605,0.00581395348837209,0.223837209302326
"318","Bienvenido Jiménez",0.0328542094455852,0.0123203285420945,0.00205338809034908,0.177618069815195
"319","Jimsey Roussell",0.0473684210526316,0.0131578947368421,0.00789473684210526,0.202631578947368
"320","Dave Thomas",0.0476787954830615,0.013801756587202,0.00941028858218319,0.178795483061481
"321","Lucas Boada",0.0377906976744186,0.0145348837209302,0.00581395348837209,0.188953488372093
"322","Jim Brown",0.0411222136817832,0.0138355111452729,0.00653343581860108,0.181014604150653
"323","Milton Lewis",0.0354609929078014,0.00886524822695036,0.0283687943262411,0.175531914893617
"324","Melzar Williams",0.0233918128654971,0.0233918128654971,0.00584795321637427,0.210526315789474
"325","Jelly Taylor",0.0261707988980716,0.0110192837465565,0.00413223140495868,0.18870523415978
"326","Eppie Hamilton",0.037243947858473,0.0148975791433892,0.00558659217877095,0.217877094972067
"327","Fred McDaniel",0.0264705882352941,0.0147058823529412,0,0.182352941176471
"328","Pablo Mesa",0.0315656565656566,0.0126262626262626,0.00505050505050505,0.207070707070707
"329","John Britton",0.0305602716468591,0.0101867572156197,0.00169779286926995,0.224108658743633
"330","Pelayo Chacón",0.0315315315315315,0.018018018018018,0,0.198198198198198
"331","Curtis Harris",0.0376028202115159,0.00940070505287897,0.00940070505287897,0.210340775558167
"332","Ed Poles",0.0163265306122449,0.0204081632653061,0,0.2
"333","Jack Johnson",0.0297029702970297,0.0099009900990099,0.0495049504950495,0.138613861386139
"334","Ted Bond",0.0304568527918782,0.0203045685279188,0,0.180203045685279
"335","Country Brown",0.0258503401360544,0.00816326530612245,0.00816326530612245,0.205442176870748
"336","Henry Blackmon",0.0278044103547459,0.0115052732502397,0.0134228187919463,0.188878235858102
"337","Frank Warfield",0.0358829084041549,0.0110166824047844,0.00346238589864652,0.186024551463645
"338","Jimmy Ford",0.0281456953642384,0.0132450331125828,0.00496688741721854,0.198675496688742
"339","Gerard Williams",0.0351075877689694,0.0124575311438279,0.00453001132502831,0.190260475651189
"340","Isaac Lane",0.0267716535433071,0.0110236220472441,0.0078740157480315,0.196850393700787
"341","Jelly Gardner",0.0258224266006367,0.00636717368234878,0.0010611956137248,0.206579412805094
"342","Mint Jones",0.0282485875706215,0,0,0.231638418079096
"343","John Henry Russell",0.0343971631205674,0.0145390070921986,0.0099290780141844,0.190780141843972
"344","Anderson Pryor",0.0342019543973941,0.00977198697068404,0.00977198697068404,0.17671009771987
"345","Fred Bankhead",0.0254841997961264,0.0101936799184506,0.00203873598369011,0.18756371049949
"346","Lee Hill",0.0246913580246914,0,0,0.222222222222222
"347","Jesse Warren",0.025,0.01875,0,0.18125
"348","Ted Page",0.03125,0.01375,0.00625,0.18875
"349","Roberto Campos",0.021505376344086,0.003584229390681,0.014336917562724,0.207885304659498
"350","George Sweatt",0.0416666666666667,0.0141369047619048,0.00669642857142857,0.165178571428571
"351","Kid Lowe",0.0275510204081633,0.0122448979591837,0.00306122448979592,0.21530612244898
"352","Bobby Winston",0.05,0.005,0,0.14
"353","Marcelino Guerra",0.0273843248347498,0.0169971671388102,0.00944287063267233,0.172804532577904
"354","Ted Radcliffe",0.0384036144578313,0.00978915662650602,0.0128012048192771,0.192771084337349
"355","Johnie Scott",0.0308880308880309,0.0193050193050193,0.00514800514800515,0.182754182754183
"356","Johnson Hill",0.037593984962406,0.012531328320802,0.0238095238095238,0.157894736842105
"357","Jack Marshall",0.0303336703741153,0.00910010111223458,0.00505561172901921,0.188068756319515
"358","Ramón Heredia",0.0433333333333333,0.00666666666666667,0.0166666666666667,0.186666666666667
"359","Willie Curtis",0.00884955752212389,0.00884955752212389,0,0.238938053097345
"360","Gabby Kemp",0.02,0,0.01,0.195
"361","Cocaína García",0.025974025974026,0.00865800865800866,0.025974025974026,0.212121212121212
"362","Pete Willett",0.0545454545454545,0.00909090909090909,0.00909090909090909,0.181818181818182
"363","Tommy Butts",0.0281906714505382,0.0133264992311635,0.00153767298821117,0.193234238851871
"364","Curt Roberts",0.0437956204379562,0.0145985401459854,0.0072992700729927,0.186131386861314
"365","Frank Duncan",0.0447427293064877,0.00671140939597315,0.00671140939597315,0.172259507829978
"366","Nish Williams",0.0423825887743414,0.00572737686139748,0.00343642611683849,0.194730813287514
"367","Subby Byas",0.0369685767097967,0.00184842883548983,0.00369685767097967,0.186691312384473
"368","Chester Williams",0.0361392684001763,0.0145438519171441,0.00440722785368004,0.199647421771706
"369","Larry Brown",0.0342629482071713,0.0123505976095618,0.0051792828685259,0.168525896414343
"370","Joe Burt Scott",0.00943396226415094,0.00943396226415094,0,0.160377358490566
"371","Cowan Hyde",0.029723991507431,0.024416135881104,0.00106157112526539,0.195329087048832
"372","Walter Thomas",0.0345821325648415,0.0172910662824208,0,0.181556195965418
"373","Doc Dennis",0.0389064143007361,0.00841219768664564,0.0136698212407992,0.167192429022082
"374","Jack Matchett",0.0277777777777778,0.00555555555555556,0,0.2
"375","Dave Malarcher",0.0265123226288275,0.00448095593726662,0.00298730395817774,0.190440627333831
"376","Otis Henry",0.0351758793969849,0.0201005025125628,0.0050251256281407,0.165829145728643
"377","Crush Holloway",0.0333894500561167,0.0148709315375982,0.00869809203142537,0.191919191919192
"378","Willie Spearman",0.0284090909090909,0.0170454545454545,0.0227272727272727,0.164772727272727
"379","Bud Barbee",0.0241187384044527,0.00927643784786642,0.00927643784786642,0.192949907235622
"380","Ralph Wyatt",0.0130434782608696,0.0195652173913043,0.00434782608695652,0.191304347826087
"381","Eustaquio Pedroso",0.0381231671554252,0.0117302052785924,0.00733137829912024,0.162756598240469
"382","George Dixon",0.0309446254071661,0.011400651465798,0.00651465798045603,0.1685667752443
"383","John Williams",0.0335820895522388,0.0223880597014925,0.0167910447761194,0.167910447761194
"384","Mike Herrera",0.0352020860495437,0.00782268578878748,0.00130378096479791,0.196870925684485
"385","Tack Summers",0.0310786106032907,0.0109689213893967,0.0036563071297989,0.204753199268739
"386","Philly Holmes",0.0146341463414634,0.024390243902439,0.0048780487804878,0.190243902439024
"387","Casey Jones",0.0526315789473684,0.00809716599190283,0.0121457489878543,0.149797570850202
"388","Bob Miller",0.0376532399299475,0.0140105078809107,0.00350262697022767,0.171628721541156
"389","James Brown",0.055793991416309,0.00858369098712446,0.00429184549356223,0.167381974248927
"390","Marlin Carter",0.0319410319410319,0.0171990171990172,0.00245700245700246,0.167076167076167
"391","Julio Rojo",0.0454976303317536,0.00947867298578199,0.0037914691943128,0.18957345971564
"392","José Roque",0.0421686746987952,0.0180722891566265,0.0180722891566265,0.150602409638554
"393","Luther Gilyard",0.039426523297491,0.014336917562724,0.003584229390681,0.175627240143369
"394","Bradford Bennett",0.0307692307692308,0.0102564102564103,0.0205128205128205,0.153846153846154
"395","Bobo Leonard",0.0383386581469649,0.00638977635782748,0.00958466453674121,0.172523961661342
"396","Frank Russell",0.0449438202247191,0.0128410914927769,0,0.191011235955056
"397","Eggie Dallard",0.0278824415975885,0.00904295403165034,0.0120572720422005,0.170308967596081
"398","Percy Miller",0.0356435643564356,0.0178217821782178,0.0198019801980198,0.144554455445545
"399","George Mitchell",0.0285204991087344,0.0142602495543672,0.0160427807486631,0.174688057040998
"400","Eli Juran",0.0170940170940171,0.0170940170940171,0.0170940170940171,0.145299145299145
"401","Joe Wiggins",0.0449438202247191,0.0112359550561798,0.0112359550561798,0.161048689138577
"402","Granville Lyons",0.0338645418326693,0.0199203187250996,0.00796812749003984,0.179282868525896
"403","Lou Louden",0.0361111111111111,0.00833333333333333,0.00416666666666667,0.198611111111111
"404","Burdell Young",0.0300187617260788,0.0187617260787993,0.0112570356472795,0.176360225140713
"405","José Vargas",0.0416666666666667,0,0.0104166666666667,0.208333333333333
"406","Frank Duncan",0.0364092906465788,0.00784682988072819,0.00439422473320778,0.167608286252354
"407","Charles Corbett",0.064327485380117,0.0116959064327485,0.0087719298245614,0.166666666666667
"408","Russell Powell",0.0303643724696356,0.00607287449392713,0,0.192307692307692
"409","Morten Clark",0.0256849315068493,0.00941780821917808,0.00342465753424658,0.178938356164384
"410","George McAllister",0.0277511961722488,0.0124401913875598,0.00478468899521531,0.184688995215311
"411","José Gutiérrez",0.0232558139534884,0.00387596899224806,0.00775193798449612,0.236434108527132
"412","Pedro Arango",0.0340264650283554,0.0132325141776938,0.0170132325141777,0.172022684310019
"413","Bubbles Anderson",0.0313152400835073,0.0167014613778706,0,0.15866388308977
"414","Bull Barbour",0.062111801242236,0.0062111801242236,0.0062111801242236,0.149068322981366
"415","William Ross",0.0342857142857143,0.00571428571428571,0.00285714285714286,0.208571428571429
"416","Bill Ricks",0.025,0.0125,0.00625,0.225
"417","Basilio Rosell",0.0416666666666667,0.0125,0.00416666666666667,0.204166666666667
"418","Eugene Moore",0.037344398340249,0,0,0.16597510373444
"419","Johnny Hayes",0.0283479960899316,0.00391006842619746,0.010752688172043,0.172043010752688
"420","Herman Dunlap",0.0310077519379845,0.0116279069767442,0.0116279069767442,0.174418604651163
"421","Ernie Smith",0.0201612903225806,0.00403225806451613,0,0.229838709677419
"422","Curley Williams",0.0304347826086957,0.0173913043478261,0,0.147826086956522
"423","Don Pelham",0.0416666666666667,0.0238095238095238,0.00595238095238095,0.154761904761905
"424","Lefty Holmes",0.0379746835443038,0.0126582278481013,0,0.221518987341772
"425","Ralph Jefferson",0.0204081632653061,0.0127551020408163,0,0.206632653061224
"426","Hen Jordan",0.032,0.008,0.004,0.236
"427","T.J. Brown",0.0342612419700214,0.00856531049250535,0.00214132762312634,0.17558886509636
"428","Charles Zomphier",0.0278330019880716,0.00596421471172962,0.00795228628230616,0.163021868787276
"429","Felton Snow",0.0311483031148303,0.0125523012552301,0.00511390051139005,0.191073919107392
"430","José Méndez",0.0409511228533686,0.00660501981505945,0.00396301188903567,0.138705416116248
"431","Jimmy Johnson",0.0289855072463768,0.0072463768115942,0,0.181159420289855
"432","Bob Fagan",0.0348583877995643,0.00435729847494553,0.00435729847494553,0.185185185185185
"433","Fred Daniels",0.0402684563758389,0.0134228187919463,0.00671140939597315,0.174496644295302
"434","Clarence Lamar",0.03125,0.0104166666666667,0.00520833333333333,0.1640625
"435","Javier Pérez",0.03886925795053,0.0094228504122497,0.00353356890459364,0.188457008244994
"436","Fernando Díaz",0.0349075975359343,0.0123203285420945,0.00205338809034908,0.182751540041068
"437","John Shackelford",0.0234657039711191,0.0108303249097473,0.0108303249097473,0.220216606498195
"438","Heberto Blanco",0.0136363636363636,0.00909090909090909,0.00454545454545455,0.181818181818182
"439","Horace Jenkins",0.0135746606334842,0.00452488687782805,0,0.208144796380091
"440","Lunie Danage",0.0175438596491228,0.0087719298245614,0.0043859649122807,0.201754385964912
"441","Theolic Smith",0.0231481481481481,0.00925925925925926,0.00462962962962963,0.171296296296296
"442","Bruce Petway",0.0232273838630807,0.00855745721271394,0.00488997555012225,0.193154034229829
"443","George Britt",0.0335917312661499,0.00775193798449612,0.00129198966408269,0.198966408268734
"444","Barney Brown",0.0264672036823936,0.0103567318757192,0.00115074798619102,0.170310701956272
"445","Dennis Graham",0.0241545893719807,0.00483091787439614,0.00483091787439614,0.260869565217391
"446","George Ford",0.0346820809248555,0.0289017341040462,0,0.144508670520231
"447","Bruce Hocker",0.0238095238095238,0.0178571428571429,0.00595238095238095,0.142857142857143
"448","David Campbell",0.0309477756286267,0.011605415860735,0.00386847195357834,0.187620889748549
"449","Chuffy Alexander",0.0358361774744027,0.0136518771331058,0.00170648464163823,0.191126279863481
"450","Lemuel Hawkins",0.0267260579064588,0.0106904231625835,0.00178173719376392,0.205345211581292
"451","Eddie Dwight",0.0162721893491124,0.0103550295857988,0.0029585798816568,0.18491124260355
"452","Roy Williams",0.0275862068965517,0.0137931034482759,0,0.220689655172414
"453","Tom Gee",0.00606060606060606,0.00606060606060606,0.0121212121212121,0.206060606060606
"454","Tarcat Terry",0.0387096774193548,0.00645161290322581,0.0193548387096774,0.161290322580645
"455","Jimmy Wilkes",0.0233837689133425,0.0110041265474553,0.00687757909215956,0.160935350756534
"456","Columbus Vance",0.0338983050847458,0.0169491525423729,0.00847457627118644,0.194915254237288
"457","Sam Mongin",0.0256410256410256,0.00427350427350427,0,0.136752136752137
"458","Thurman Jennings",0.0348837209302326,0.00775193798449612,0,0.197674418604651
"459","Johnny Ray",0.00978792822185971,0.00815660685154975,0,0.177814029363785
"460","Leonard Lindsay",0.0274725274725275,0.00549450549450549,0,0.203296703296703
"461","Henry McHenry",0.0250481695568401,0.00385356454720617,0.0289017341040462,0.154142581888247
"462","Terris McDuffie",0.0271646859083192,0.0067911714770798,0.00848896434634975,0.169779286926995
"463","Willis Flournoy",0.031496062992126,0.0118110236220472,0.0078740157480315,0.18503937007874
"464","John Lyles",0.0266990291262136,0.00485436893203883,0.00242718446601942,0.177184466019417
"465","Obie Lackey",0.0410509031198686,0.00492610837438424,0.00656814449917898,0.206896551724138
"466","Willie Jefferson",0.023121387283237,0.00578034682080925,0.0115606936416185,0.196531791907514
"467","Geechie Meredith",0.0283196979232222,0.0144745122718691,0.00881057268722467,0.180616740088106
"468","José Pérez",0.0254934210526316,0.00657894736842105,0.00328947368421053,0.175164473684211
"469","Ramón Hernández",0.0226537216828479,0.00647249190938511,0.029126213592233,0.142394822006472
"470","Bobby Robinson",0.0364842454394693,0.00829187396351575,0,0.203980099502488
"471","Cheo Ramos",0.0338164251207729,0.00966183574879227,0.00483091787439614,0.198067632850242
"472","Carlos Etchegoyen",0.0254237288135593,0.00847457627118644,0.00847457627118644,0.186440677966102
"473","Tullie McAdoo",0.0376647834274953,0.0112994350282486,0.00376647834274953,0.141242937853107
"474","Jimmie Crutchfield",0.0233667143538388,0.0143061516452074,0.00238435860753457,0.195040534096328
"475","Dennis Gilchrist",0.0305676855895196,0.00873362445414847,0,0.192139737991266
"476","Willie Simms",0.0303383897316219,0.0105017502917153,0.0058343057176196,0.150525087514586
"477","Cando López",0.0283018867924528,0.00857632933104631,0.0102915951972556,0.202401372212693
"478","Alphonso Gerard",0.0466321243523316,0.00518134715025907,0,0.170984455958549
"479","Cotton Williams",0.0221238938053097,0.0176991150442478,0.00442477876106195,0.194690265486726
"480","Clyde McNeal",0.0233644859813084,0.0233644859813084,0.00467289719626168,0.172897196261682
"481","Joe Sparks",0.0291005291005291,0.0158730158730159,0.0158730158730159,0.108465608465608
"482","Oscar Levis",0.0526315789473684,0.00292397660818713,0.0175438596491228,0.140350877192982
"483","Wilmer Fields",0.0221238938053097,0.0221238938053097,0.00884955752212389,0.190265486725664
"484","Curtis Henderson",0.011142061281337,0.0139275766016713,0.00278551532033426,0.211699164345404
"485","Mex Johnson",0.0245614035087719,0.0245614035087719,0,0.16140350877193
"486","J.H. Hamilton",0.0354796320630749,0.00657030223390276,0.00788436268068331,0.208935611038108
"487","Herman Gordon",0.0220588235294118,0.0294117647058824,0,0.191176470588235
"488","Clarence Isreal",0.0231923601637108,0.00954979536152797,0.00818553888130969,0.16643929058663
"489","Cool Turner",0.0328185328185328,0.0106177606177606,0.00386100386100386,0.185328185328185
"490","Joe Lillard",0.0304568527918782,0.0101522842639594,0.0101522842639594,0.187817258883249
"491","Fred McBride",0.032,0,0.008,0.208
"492","Red Longley",0.0274348422496571,0.00548696844993141,0.00548696844993141,0.159122085048011
"493","Dick Jackson",0.0417633410672854,0.0177880897138438,0.00928074245939675,0.17246713070379
"494","Bill Sadler",0.0384615384615385,0.00961538461538462,0,0.221153846153846
"495","Willie Gisentaner",0.0343347639484979,0.00429184549356223,0.0157367668097282,0.178826895565093
"496","Rogelio Linares",0.044478527607362,0.0122699386503067,0.00460122699386503,0.157975460122699
"497","Isidro Fabré",0.0448642266824085,0.0118063754427391,0.0118063754427391,0.15702479338843
"498","Félix Guilbe",0.040625,0.009375,0,0.175
"499","Charley Hill",0.0235294117647059,0.0117647058823529,0,0.172549019607843
"500","Jim LaMarque",0.0350877192982456,0.0087719298245614,0.0131578947368421,0.162280701754386
"501","Felipe Sierra",0.0291070547607301,0.00888011840157869,0.00345337937839171,0.164775530340405
"502","Louis English",0.00584795321637427,0.0233918128654971,0.0175438596491228,0.181286549707602
"503","David Wingfield",0.0177514792899408,0.0029585798816568,0.00591715976331361,0.207100591715976
"504","Marvin Barker",0.0461538461538462,0.00641025641025641,0.00897435897435897,0.175
"505","Phil Cockrell",0.0212765957446809,0.0141843971631206,0.00709219858156028,0.1725768321513
"506","Joe Hewitt",0.0199252801992528,0.0037359900373599,0.00186799501867995,0.156911581569116
"507","Ewing Russell",0.0310077519379845,0.0232558139534884,0.0155038759689922,0.170542635658915
"508","Albert Frazier",0.037037037037037,0,0,0.171296296296296
"509","Gabe Patterson",0.0184049079754601,0.0245398773006135,0.0184049079754601,0.141104294478528
"510","John Barnes",0.0419397116644823,0.00655307994757536,0.00655307994757536,0.17300131061599
"511","Robert Griffith",0.0342465753424658,0.0136986301369863,0.00684931506849315,0.195205479452055
"512","Roy Tyler",0.036697247706422,0.0275229357798165,0,0.18348623853211
"513","Carlos Blanco",0.032,0.008,0,0.168
"514","Augustus Saunders",0.020066889632107,0,0.00334448160535117,0.197324414715719
"515","Bill Yancey",0.0346385542168675,0.00903614457831325,0.0105421686746988,0.174698795180723
"516","Napoleon Hairston",0.0392156862745098,0.0130718954248366,0.0130718954248366,0.124183006535948
"517","Sam Streeter",0.0250481695568401,0.0134874759152216,0.00192678227360308,0.225433526011561
"518","Bennie Wilson",0.0214285714285714,0.0166666666666667,0,0.195238095238095
"519","Paul Arnold",0.0305010893246187,0.00871459694989107,0,0.176470588235294
"520","Henry Merchant",0.0234741784037559,0.00469483568075117,0.00234741784037559,0.176056338028169
"521","Cliff Carter",0.0360824742268041,0,0,0.221649484536082
"522","Mickey Casey",0.0297482837528604,0.0045766590389016,0.0011441647597254,0.197940503432494
"523","John Kemp",0.040650406504065,0.002710027100271,0.00813008130081301,0.18970189701897
"524","Pepper Daniels",0.0339123242349049,0.00661703887510339,0.010752688172043,0.162944582299421
"525","José María Fernández",0.0372492836676218,0.00429799426934097,0.00286532951289398,0.208452722063037
"526","Roy Partlow",0.025974025974026,0.0103896103896104,0.00519480519480519,0.2
"527","José Leblanc",0.0425531914893617,0.00851063829787234,0,0.157446808510638
"528","Francisco Correa",0.0389817024661893,0.0135242641209228,0.00636435958631663,0.185361972951472
"529","Herb Barnhill",0.0217391304347826,0.0031055900621118,0,0.201863354037267
"530","Bingo DeMoss",0.0293767368003176,0.0055577610162763,0.00119094878920206,0.175466454942437
"531","Agustín Bejerano",0.0298507462686567,0.00497512437810945,0.00497512437810945,0.228855721393035
"532","Willie Miles",0.0335820895522388,0.00746268656716418,0.00373134328358209,0.17910447761194
"533","Charley Williams",0.0321264660887302,0.0112187659357471,0.00407955124936257,0.185619581845997
"534","Clarence Lindsay",0.0342205323193916,0.00887198986058302,0.00887198986058302,0.166032953105196
"535","James Abernathy",0.0230769230769231,0,0,0.207692307692308
"536","Eufemio Abreu",0.0342530922930542,0.0123691722169363,0.00190294957183635,0.167459562321598
"537","Sanford Jackson",0.0211366838891498,0.0131517144199155,0.000939408172851104,0.195866604039455
"538","Dick Wallace",0.0170940170940171,0,0,0.179487179487179
"539","Johnnie Cowan",0.0240963855421687,0.00301204819277108,0.00301204819277108,0.216867469879518
"540","Andy Harvey",0.0490196078431373,0.00980392156862745,0,0.196078431372549
"541","Robert Poindexter",0.0397553516819572,0.00611620795107034,0.00917431192660551,0.186544342507645
"542","John Cason",0.0264900662251656,0.00827814569536424,0.00496688741721854,0.182119205298013
"543","Eugene Redd",0.04,0,0,0.22
"544","Earl Bumpus",0.0220994475138122,0.0110497237569061,0.00552486187845304,0.165745856353591
"545","Dave Barnhill",0.0143884892086331,0.0107913669064748,0,0.194244604316547
"546","Bobby Robinson",0.0262008733624454,0.0101892285298399,0.00436681222707424,0.177098495875788
"547","Andrés Mesa",0.00943396226415094,0.0188679245283019,0,0.216981132075472
"548","Tex Burnett",0.0229095074455899,0.00572737686139748,0.00229095074455899,0.195876288659794
"549","Flash Miller",0.0281995661605206,0.0151843817787419,0.00433839479392625,0.158351409978308
"550","Pepper Bassett",0.0384024577572965,0.00307219662058372,0.0122887864823349,0.172043010752688
"551","Benito Calderón",0.0452261306532663,0.0100502512562814,0.00251256281407035,0.170854271356784
"552","Dick Redding",0.0145985401459854,0.0218978102189781,0.0218978102189781,0.153284671532847
"553","Bartolo Portuondo",0.0284237726098191,0.00839793281653747,0.000645994832041344,0.181524547803618
"554","Willie Ferrell",0.0145985401459854,0.0145985401459854,0,0.211678832116788
"555","Jack Bruton",0.0575539568345324,0.00719424460431655,0,0.165467625899281
"556","Ford Smith",0.0496894409937888,0.0062111801242236,0.0062111801242236,0.136645962732919
"557","Manuel Villa",0.0223214285714286,0,0.00446428571428571,0.205357142857143
"558","Willie Jones",0.0397111913357401,0.0072202166064982,0.00451263537906137,0.180505415162455
"559","Jimmy Binder",0.0220820189274448,0.0147213459516299,0,0.201892744479495
"560","Jimmy Wilson",0.02,0.01,0,0.16
"561","Millito Navarro",0.0406091370558376,0.0152284263959391,0,0.213197969543147
"562","Harry Jeffries",0.0285986653956149,0.00619637750238322,0.00285986653956149,0.188274547187798
"563","Darltie Cooper",0.0268336314847943,0.0161001788908766,0.0125223613595707,0.173524150268336
"564","Ramiro Ramírez",0.0138888888888889,0.00347222222222222,0.00347222222222222,0.173611111111111
"565","Buster Haywood",0.0178571428571429,0.0102040816326531,0,0.168367346938776
"566","Aurelio Cortés",0.0246085011185682,0.00671140939597315,0.00894854586129754,0.1834451901566
"567","Leroy Grant",0.0281973816717019,0.00604229607250755,0.0040281973816717,0.171198388721047
"568","Héctor Rodríguez",0.0119047619047619,0,0,0.232142857142857
"569","Vicente Rodríguez",0.0217391304347826,0.00434782608695652,0.00434782608695652,0.195652173913043
"570","Bob Scott",0.0230642504118616,0,0.00494233937397035,0.202635914332784
"571","Robert Gaston",0.044404973357016,0.00355239786856128,0.00532859680284192,0.13854351687389
"572","Clyde Parris",0.028169014084507,0.00704225352112676,0.00704225352112676,0.176056338028169
"573","Namon Washington",0.0211898940505297,0.00692746536267319,0.0032599837000815,0.181336593317033
"574","Rafael Cabrera",0.00943396226415094,0.0188679245283019,0.00943396226415094,0.150943396226415
"575","Bill Charter",0.0347222222222222,0.00694444444444444,0.0138888888888889,0.145833333333333
"576","Billy Horne",0.0169753086419753,0.00925925925925926,0.00154320987654321,0.16820987654321
"577","Pedro Pagés",0.0297872340425532,0.0127659574468085,0.00425531914893617,0.148936170212766
"578","Henry Baker",0.0188087774294671,0.0250783699059561,0.00626959247648903,0.156739811912226
"579","Stanley Glenn",0.026615969581749,0.00760456273764259,0.00380228136882129,0.167300380228137
"580","Booker McDaniel",0.0403587443946188,0.00448430493273543,0.00448430493273543,0.147982062780269
"581","Charles O'Neil",0.0275229357798165,0.00917431192660551,0,0.201834862385321
"582","John Huber",0.0341463414634146,0.00975609756097561,0,0.185365853658537
"583","Ambrose Reid",0.026463963963964,0.00731981981981982,0.00281531531531532,0.194256756756757
"584","Bill Evans",0.0458715596330275,0.00305810397553517,0.00152905198776758,0.18348623853211
"585","George Brown",0.0167364016736402,0.00836820083682008,0,0.179916317991632
"586","Leo Birdine",0.0252100840336134,0.0168067226890756,0.00560224089635854,0.196078431372549
"587","Albert Davis",0.0256410256410256,0.00512820512820513,0.00512820512820513,0.205128205128205
"588","Eddie Huff",0.0223463687150838,0,0.00558659217877095,0.189944134078212
"589","Joe Cates",0.00934579439252336,0.00934579439252336,0.00934579439252336,0.168224299065421
"590","Ormond Sampson",0.0177514792899408,0.0118343195266272,0,0.159763313609467
"591","Sidney Brooks",0.0355871886120996,0.00177935943060498,0,0.174377224199288
"592","Jack Ridley",0.0175438596491228,0.0131578947368421,0.0043859649122807,0.179824561403509
"593","Robert Bonner",0.0531400966183575,0.00966183574879227,0.0112721417069243,0.130434782608696
"594","Recurvon Terán",0.0269461077844311,0.0149700598802395,0.00598802395209581,0.158682634730539
"595","Slim Branham",0.0324324324324324,0.0108108108108108,0.0108108108108108,0.172972972972973
"596","Eugenio Morín",0.028125,0.009375,0.003125,0.184375
"597","Yellow Horse Morris",0.0161812297734628,0.0194174757281553,0.0161812297734628,0.135922330097087
"598","Charlie Watts",0.0412573673870334,0.0117878192534381,0.00589390962671906,0.143418467583497
"599","Willie O'Bryant",0.016597510373444,0,0,0.224066390041494
"600","Harry Bauchman",0.0202429149797571,0.0202429149797571,0,0.161943319838057
"601","Mahlon Duckett",0.0182394924662966,0.0134813639968279,0.000793021411578113,0.177636796193497
"602","Jim McCurine",0.0318471337579618,0.0127388535031847,0.00636942675159236,0.146496815286624
"603","Tice James",0.0283687943262411,0.0141843971631206,0,0.156028368794326
"604","Johnie Watson",0.0275974025974026,0.0113636363636364,0.00649350649350649,0.176948051948052
"605","Roosevelt Cox",0.0197530864197531,0.0172839506172839,0.00246913580246914,0.165432098765432
"606","Connie Day",0.0302049622437972,0.0104279036317871,0.0050341603739662,0.162531463502337
"607","Earl Ashby",0.0598290598290598,0.00854700854700855,0,0.102564102564103
"608","William Bell",0.0347129506008011,0.00534045393858478,0.00133511348464619,0.182910547396529
"609","Willie Cornelius",0.0230414746543779,0.0138248847926267,0.00691244239631336,0.133640552995392
"610","Sylvester Foreman",0.0206540447504303,0.0154905335628227,0.00516351118760757,0.151462994836489
"611","Rogelio Alonso",0.0353107344632768,0.0112994350282486,0.00141242937853107,0.173728813559322
"612","Joe Lewis",0.0464767616191904,0.00899550224887556,0.00149925037481259,0.158920539730135
"613","Matías Ríos",0.0234657039711191,0.00812274368231047,0.00270758122743682,0.171480144404332
"614","Chance Cummings",0.0139664804469274,0.00465549348230913,0.00186219739292365,0.209497206703911
"615","Shorty Walker",0.0111731843575419,0,0.00558659217877095,0.17877094972067
"616","Charlie Rivera",0.0184331797235023,0.00460829493087558,0.00460829493087558,0.202764976958525
"617","Julius Green",0.0103448275862069,0,0.00689655172413793,0.193103448275862
"618","John Reese",0.0266512166859791,0.00926998841251448,0.00347624565469293,0.155272305909618
"619","Logan Hensley",0.0254777070063694,0.0106157112526539,0.0212314225053079,0.154989384288747
"620","Ed Kemp",0.027972027972028,0.0104895104895105,0,0.15034965034965
"621","Alfred Saylor",0.0138888888888889,0,0,0.208333333333333
"622","Saul Davis",0.033457249070632,0.00836431226765799,0.00743494423791822,0.175650557620818
"623","Miguel Solís",0.0316205533596838,0.0197628458498024,0.00395256916996047,0.181818181818182
"624","Bob Smith",0.0200501253132832,0.0025062656641604,0.0025062656641604,0.165413533834586
"625","Jake Stephens",0.0228882833787466,0.00871934604904632,0.000544959128065395,0.179291553133515
"626","Bill Bradford",0.0280373831775701,0.0116822429906542,0.00233644859813084,0.151869158878505
"627","Paul Hardy",0.0202492211838006,0.00934579439252336,0,0.171339563862928
"628","Mauricio Funes",0.0264550264550265,0.00529100529100529,0.00529100529100529,0.17989417989418
"629","Carl Glass",0.0346534653465347,0.0115511551155116,0.00165016501650165,0.168316831683168
"630","Bunny Downs",0.0185528756957328,0.0166975881261596,0.00185528756957328,0.170686456400742
"631","Grady Orange",0.026340545625588,0.0103480714957667,0.00752587017873942,0.176857949200376
"632","Hoss Walker",0.0297225891677675,0.00792602377807133,0.00528401585204756,0.153896961690885
"633","Harry Barnes",0.0536912751677852,0.00671140939597315,0,0.134228187919463
"634","Felix Evans",0.0166666666666667,0.00833333333333333,0.025,0.133333333333333
"635","Skin Down Robinson",0.0161290322580645,0.00537634408602151,0,0.172043010752688
"636","Malvin Powell",0.0257936507936508,0.0119047619047619,0.00595238095238095,0.168650793650794
"637","Rogelio Crespo",0.0196560196560197,0.0122850122850123,0.00491400491400491,0.144963144963145
"638","Horacio Martínez",0.0236453201970443,0.00886699507389163,0.00295566502463054,0.168472906403941
"639","Henry Smith",0.0295081967213115,0.00655737704918033,0,0.157377049180328
"640","Chet Brewer",0.0172043010752688,0.00645161290322581,0.0021505376344086,0.180645161290323
"641","Kermit Dial",0.0296296296296296,0.0148148148148148,0,0.155555555555556
"642","Boots McClain",0.0232558139534884,0.0135658914728682,0.00775193798449612,0.153100775193798
"643","John Wesley Johnson",0.0434782608695652,0,0.00869565217391304,0.165217391304348
"644","Milt Laurent",0.0396174863387978,0.00956284153005465,0.00409836065573771,0.159836065573771
"645","Murray Watkins",0.0186046511627907,0.00372093023255814,0.000930232558139535,0.186976744186047
"646","Judy Gans",0.0133333333333333,0.0133333333333333,0,0.146666666666667
"647","Anthony Cooper",0.0231958762886598,0.00945017182130584,0.00515463917525773,0.176975945017182
"648","Felton Stratton",0.0264681555004136,0.0148883374689826,0.00744416873449132,0.167907361455749
"649","Paul Dixon",0.043360433604336,0,0.002710027100271,0.170731707317073
"650","Joe Williams",0.0406976744186047,0,0.0116279069767442,0.151162790697674
"651","Jesse Houston",0.0208333333333333,0.00694444444444444,0,0.1875
"652","Eddie Holtz",0.0214216163583252,0.00778967867575463,0.00292112950340798,0.170399221032132
"653","Joe Wiley",0.0375,0.00625,0,0.13125
"654","Connie Rector",0.0376984126984127,0.00595238095238095,0.0119047619047619,0.166666666666667
"655","Pedro Silva",0.027972027972028,0,0.027972027972028,0.125874125874126
"656","William Webster",0.0155038759689922,0.00387596899224806,0.00387596899224806,0.166666666666667
"657","Luis Villodas",0.0284090909090909,0.0170454545454545,0.00568181818181818,0.142045454545455
"658","Bill Force",0.026266416510319,0.0112570356472795,0.0112570356472795,0.129455909943715
"659","Rube Chambers",0.043859649122807,0,0.0087719298245614,0.105263157894737
"660","Carlisle Perry",0.012987012987013,0.00649350649350649,0.012987012987013,0.168831168831169
"661","Luis Entenza",0.0323529411764706,0.00294117647058824,0,0.167647058823529
"662","Dewitt Owens",0.0294695481335953,0.00294695481335953,0.000982318271119843,0.201375245579568
"663","Ted Shaw",0.0346820809248555,0.0115606936416185,0,0.167630057803468
"664","Scrappy Brown",0.0293453724604966,0.00451467268623025,0.00451467268623025,0.187358916478555
"665","Leroy Matlock",0.025462962962963,0.00462962962962963,0.00694444444444444,0.155092592592593
"666","Pearley Johnson",0.0222222222222222,0.0111111111111111,0,0.113888888888889
"667","Slim Jones",0.0428571428571429,0,0.0142857142857143,0.139285714285714
"668","Louis Miller",0.0467289719626168,0.00934579439252336,0,0.14018691588785
"669","Frank Bradley",0.0471698113207547,0,0.00943396226415094,0.150943396226415
"670","Joe Brown",0.0232558139534884,0,0,0.197674418604651
"671","Bobby Williams",0.0259549461312439,0.00881488736532811,0.00146914789422135,0.158667972575906
"672","Jimmy Hill",0.00943396226415094,0.00471698113207547,0.00471698113207547,0.207547169811321
"673","Herman Roth",0.0240549828178694,0.00343642611683849,0.00687285223367698,0.199312714776632
"674","L. Peña",0.0241935483870968,0.00806451612903226,0.00806451612903226,0.193548387096774
"675","Juan Padrón",0.0114068441064639,0,0.0190114068441065,0.182509505703422
"676","John Cunningham",0.0196078431372549,0.00980392156862745,0,0.166666666666667
"677","Charles Wesley",0.0221857025472473,0.0115036976170912,0.00164338537387017,0.186524239934265
"678","George Collins",0.0310077519379845,0,0.00775193798449612,0.186046511627907
"679","Roy Welmaker",0.0226244343891403,0.00904977375565611,0,0.18552036199095
"680","Jim Willis",0.0395256916996047,0.00395256916996047,0,0.181818181818182
"681","Dick Seay",0.0200093066542578,0.00884132154490461,0.00558399255467659,0.157282456956724
"682","Ralph Burgin",0.0460251046025105,0.00418410041841004,0.00418410041841004,0.142259414225941
"683","Joe Fillmore",0.018348623853211,0.0275229357798165,0,0.146788990825688
"684","Jimmy Shields",0.0198019801980198,0,0,0.217821782178218
"685","Jim Canada",0.0255591054313099,0,0,0.159744408945687
"686","Tommy Harris",0.0384615384615385,0.00769230769230769,0.0230769230769231,0.1
"687","Newt Robinson",0.0171673819742489,0.0171673819742489,0,0.137339055793991
"688","Óscar Estrada",0.00819672131147541,0,0.00819672131147541,0.180327868852459
"689","Eugene Smith",0.0277777777777778,0.00462962962962963,0.0185185185185185,0.111111111111111
"690","Zack Clayton",0.0240641711229947,0.00802139037433155,0.0053475935828877,0.155080213903743
"691","Wilmer Euell",0.0277777777777778,0,0.00925925925925926,0.148148148148148
"692","Eddie Miller",0.0216763005780347,0.0144508670520231,0,0.158959537572254
"693","Clarence Bruce",0.0348837209302326,0.00775193798449612,0.00387596899224806,0.155038759689922
"694","Coco Ferrer",0.0104712041884817,0.00523560209424084,0,0.18848167539267
"695","Joe Black",0.0194805194805195,0,0,0.181818181818182
"696","Rufus Lewis",0.0267857142857143,0.00892857142857143,0.0178571428571429,0.107142857142857
"697","Henry Harris",0.0245535714285714,0.00892857142857143,0,0.131696428571429
"698","Spencer Davis",0.0223463687150838,0,0,0.150837988826816
"699","George Harney",0.0195439739413681,0.0130293159609121,0.00325732899022801,0.175895765472313
"700","Manuel Parrado",0.0433333333333333,0.00333333333333333,0.00666666666666667,0.13
"701","Script Lee",0.0218978102189781,0.0109489051094891,0.0072992700729927,0.160583941605839
"702","Mance Smith",0.00813008130081301,0.00813008130081301,0,0.16260162601626
"703","Frank McAllister",0.00684931506849315,0.0273972602739726,0.0273972602739726,0.102739726027397
"704","Marion Cunningham",0.0297029702970297,0.0217821782178218,0.0099009900990099,0.128712871287129
"705","J.C. McHaskell",0.0237825594563986,0.00792751981879955,0.00339750849377123,0.165345413363533
"706","Rube Henderson",0.0405405405405405,0.00675675675675676,0,0.148648648648649
"707","Jim Jeffries",0.0153846153846154,0.00341880341880342,0,0.160683760683761
"708","Bill Foster",0.0170807453416149,0.0093167701863354,0.0062111801242236,0.16304347826087
"709","Roosevelt Tate",0.0292397660818713,0.0175438596491228,0,0.146198830409357
"710","Frank Blattner",0.0265486725663717,0.00442477876106195,0.00442477876106195,0.13716814159292
"711","Chano García",0.013215859030837,0,0,0.158590308370044
"712","Claude Grier",0.0140845070422535,0,0,0.183098591549296
"713","Johnny Taylor",0.00735294117647059,0,0.00735294117647059,0.176470588235294
"714","Bob Clarke",0.0322745901639344,0.00307377049180328,0.00358606557377049,0.155737704918033
"715","Herman Bell",0.0176470588235294,0.00588235294117647,0,0.141176470588235
"716","Chesley Gray",0.0283018867924528,0.00943396226415094,0,0.169811320754717
"717","Louis Smallwood",0.016,0,0,0.168
"718","Fermín Valdés",0.025,0,0,0.179166666666667
"719","Andrew Wilson",0.021978021978022,0.00549450549450549,0.0164835164835165,0.137362637362637
"720","Porter Moss",0.0355029585798817,0,0,0.165680473372781
"721","Bob Romby",0.0287769784172662,0,0.0143884892086331,0.122302158273381
"722","Heliodoro Díaz",0.0288461538461538,0,0.00641025641025641,0.150641025641026
"723","Willie Woods",0.0131004366812227,0.00145560407569141,0,0.195050946142649
"724","Ralph Ducy",0.032258064516129,0.00806451612903226,0.00806451612903226,0.17741935483871
"725","Lionel Decuir",0.00925925925925926,0.00925925925925926,0.00925925925925926,0.138888888888889
"726","Joe Royal",0.0168067226890756,0,0.00840336134453781,0.159663865546218
"727","Dicta Johnson",0.0125,0.00833333333333333,0,0.145833333333333
"728","Rufus Baker",0.0173076923076923,0.00961538461538462,0,0.148076923076923
"729","Bill Watson",0.034965034965035,0.00699300699300699,0,0.174825174825175
"730","Bill McCall",0.0263157894736842,0.0037593984962406,0,0.169172932330827
"731","Leroy Williams",0.0161290322580645,0.00806451612903226,0.00268817204301075,0.129032258064516
"732","Bill Francis",0.00833333333333333,0.00277777777777778,0,0.130555555555556
"733","Gil Garrido",0.00769230769230769,0,0,0.184615384615385
"734","Bert Hunter",0.0276679841897233,0.00790513833992095,0.00790513833992095,0.142292490118577
"735","Willie Ware",0.0296296296296296,0.012962962962963,0,0.155555555555556
"736","Bill Drake",0.0220588235294118,0.00551470588235294,0.0110294117647059,0.132352941176471
"737","Ray Battle",0.00431034482758621,0.00862068965517241,0,0.163793103448276
"738","Leon Ruffin",0.0232858990944373,0.00258732212160414,0.00258732212160414,0.164294954721863
"739","Arnett Mitchell",0.0344827586206897,0,0.00862068965517241,0.137931034482759
"740","Ernest Gatewood",0.0189873417721519,0.00632911392405063,0,0.183544303797468
"741","Satchel Paige",0.00880281690140845,0.0140845070422535,0.00176056338028169,0.184859154929577
"742","Andy Love",0.0304347826086957,0.00434782608695652,0.0130434782608696,0.134782608695652
"743","Dave Brown",0.0128617363344051,0,0.00321543408360129,0.160771704180064
"744","Rube Curry",0.0210016155088853,0.00969305331179321,0.00484652665589661,0.153473344103393
"745","Garnett Norman",0,0.0263157894736842,0,0.157894736842105
"746","Ziggy Marcell",0.00552486187845304,0.0110497237569061,0,0.138121546961326
"747","Márgaro Gámiz",0.0324324324324324,0,0.0027027027027027,0.159459459459459
"748","Joe Goodrich",0.0154639175257732,0.0154639175257732,0,0.134020618556701
"749","Walter Burch",0.00934579439252336,0.00934579439252336,0,0.168224299065421
"750","Mo Harris",0.0493827160493827,0.00617283950617284,0.00617283950617284,0.135802469135802
"751","Red Ryan",0.0303030303030303,0.00606060606060606,0.00606060606060606,0.145454545454545
"752","Manuel Rigal",0.0143884892086331,0.00359712230215827,0,0.161870503597122
"753","Frog Holsey",0.0215827338129496,0.00719424460431655,0,0.172661870503597
"754","Rafael Pedroso",0.0169082125603865,0.00483091787439614,0.0072463768115942,0.164251207729469
"755","John Finner",0.0347826086956522,0.0130434782608696,0.00434782608695652,0.117391304347826
"756","Luther McDonald",0.0275229357798165,0.00458715596330275,0.00458715596330275,0.169724770642202
"757","Jelly Jackson",0.0196078431372549,0.00898692810457516,0.00163398692810458,0.146241830065359
"758","Sammy Haynes",0.00896860986547085,0,0,0.174887892376682
"759","Jimmy Oldham",0.0384615384615385,0,0,0.161538461538462
"760","Ernest Gooden",0.0242718446601942,0,0,0.150485436893204
"761","George Fiall",0.0109649122807018,0.0043859649122807,0,0.151315789473684
"762","John George",0.00675675675675676,0,0.00675675675675676,0.168918918918919
"763","Sy Morton",0.031413612565445,0.0104712041884817,0,0.120418848167539
"764","Webster McDonald",0.0189473684210526,0.00210526315789474,0.00842105263157895,0.151578947368421
"765","Harry Salmon",0.0233463035019455,0.0116731517509728,0,0.169260700389105
"766","Hubert Lockhart",0.0288461538461538,0,0,0.177884615384615
"767","Armando Celada",0.0546875,0,0,0.1328125
"768","Walter Hardy",0.0181818181818182,0.00681818181818182,0.00227272727272727,0.156818181818182
"769","Gentry Jessup",0.0376344086021505,0.00537634408602151,0,0.150537634408602
"770","Aubry Owens",0.00735294117647059,0.0220588235294118,0,0.125
"771","Willie Wells",0.0434782608695652,0,0,0.120772946859903
"772","Tom Fiall",0.0160642570281124,0,0.00401606425702811,0.156626506024096
"773","Army Cooper",0.0264900662251656,0.0132450331125828,0,0.132450331125828
"774","Will Owens",0.0138121546961326,0.00552486187845304,0,0.174033149171271
"775","Toussaint Allen",0.0255681818181818,0.00284090909090909,0.0113636363636364,0.130681818181818
"776","Joe Spencer",0.0167224080267559,0.00334448160535117,0,0.160535117056856
"777","Frazier Robinson",0.0181347150259067,0.0129533678756477,0.00518134715025907,0.137305699481865
"778","Francisco Cárdenas",0.0185185185185185,0.0037037037037037,0.0037037037037037,0.148148148148148
"779","Sylvester Owens",0.0158311345646438,0.0105540897097625,0,0.155672823218997
"780","Samuel Dewitt",0.0236686390532544,0.00887573964497041,0,0.100591715976331
"781","Lefty Calhoun",0.016260162601626,0.00813008130081301,0,0.138211382113821
"782","Charley Hayes",0.0388349514563107,0.00970873786407767,0,0.12621359223301
"783","Bun Hayes",0.0129032258064516,0.00645161290322581,0,0.174193548387097
"784","Rookie Jones",0.0128205128205128,0,0,0.153846153846154
"785","Alvin Gipson",0.00909090909090909,0,0,0.190909090909091
"786","Johnny Williams",0.018018018018018,0,0,0.153153153153153
"787","Spoon Carter",0.025,0.003125,0.003125,0.140625
"788","Sam Crawford",0.0087463556851312,0.00583090379008746,0.00291545189504373,0.160349854227405
"789","Samuel Thompson",0.0273224043715847,0,0.00546448087431694,0.136612021857924
"790","Johnny Spencer",0.0178571428571429,0,0,0.133928571428571
"791","Eusebio Jiménez",0.0229007633587786,0.00763358778625954,0,0.122137404580153
"792","Square Moore",0,0,0.0062111801242236,0.161490683229814
"793","Omer Newsome",0.00684931506849315,0.0136986301369863,0,0.178082191780822
"794","Johnnie Oden",0.00986193293885602,0.00394477317554241,0.00394477317554241,0.167652859960552
"795","Anthony Mahoney",0.00970873786407767,0,0,0.145631067961165
"796","Ulysses Redd",0,0,0,0.166666666666667
"797","Max Manning",0.0127388535031847,0,0.00636942675159236,0.165605095541401
"798","Raymond Taylor",0.0198511166253102,0.00496277915632754,0.00248138957816377,0.124069478908189
"799","Alonzo Boone",0.0517241379310345,0.0172413793103448,0,0.0603448275862069
"800","David Gómez",0.0289855072463768,0.0036231884057971,0,0.130434782608696
"801","Andy Cooper",0.0152905198776758,0.0122324159021407,0.00458715596330275,0.128440366972477
"802","Willie Wynn",0.010989010989011,0.010989010989011,0.00549450549450549,0.131868131868132
"803","Charlie Henry",0.0266666666666667,0.0133333333333333,0,0.14
"804","Wilson Joseph",0.0257731958762887,0,0.0103092783505155,0.118556701030928
"805","Roosevelt Davis",0.0177705977382876,0.00323101777059774,0.00484652665589661,0.135702746365105
"806","Marcelino Bauza",0.0165745856353591,0.00552486187845304,0.00552486187845304,0.12707182320442
"807","Jute Bell",0.0185185185185185,0.00925925925925926,0,0.157407407407407
"808","Ping Gardner",0.0223880597014925,0.00373134328358209,0,0.149253731343284
"809","Porter Charleston",0.0280373831775701,0.00934579439252336,0,0.130841121495327
"810","Leamon Johnson",0,0,0,0.156976744186047
"811","Henry Miller",0.0101010101010101,0,0,0.146464646464646
"812","Clarence Everett",0.00806451612903226,0.0161290322580645,0,0.112903225806452
"813","Cliff Bell",0.0234192037470726,0.00468384074941452,0,0.124121779859485
"814","Buck Alexander",0.0294117647058824,0.0147058823529412,0,0.110294117647059
"815","Henry Wright",0.0238095238095238,0,0,0.142857142857143
"816","Dizzy Dismukes",0.00444444444444444,0.00888888888888889,0,0.142222222222222
"817","Rats Henderson",0.0171673819742489,0.00214592274678112,0.00214592274678112,0.13519313304721
"818","Deacon Meyers",0.0227272727272727,0.00909090909090909,0.00454545454545455,0.0954545454545455
"819","Bullet Campbell",0.0260869565217391,0,0.00869565217391304,0.121739130434783
"820","Jack Marshall",0.00377358490566038,0,0,0.147169811320755
"821","Roy Roberts",0.00418410041841004,0.0125523012552301,0,0.142259414225941
"822","Juanelo Mirabal",0.00458715596330275,0.00458715596330275,0,0.13302752293578
"823","Tom Glover",0.0150375939849624,0,0,0.142857142857143
"824","Clarence Lewis",0.0114942528735632,0.00766283524904215,0,0.122605363984674
"825","Andy Porter",0.00738007380073801,0.011070110701107,0.00738007380073801,0.107011070110701
"826","Willie Powell",0.0126582278481013,0,0.00316455696202532,0.132911392405063
"827","Harry Kincannon",0,0.00645161290322581,0,0.135483870967742
"828","Barney Morris",0,0,0.00431034482758621,0.142241379310345
"829","Wayne Carr",0.0220588235294118,0.00367647058823529,0.00367647058823529,0.102941176470588
"830","Pedro San",0.018348623853211,0,0,0.155963302752294
"831","Connie Johnson",0.0198019801980198,0.0099009900990099,0,0.118811881188119
"832","Johnny Markham",0.0422535211267606,0.00704225352112676,0,0.0845070422535211
"833","Otis Starks",0.0141843971631206,0,0,0.120567375886525
"834","Jesse Edwards",0.00719424460431655,0.00719424460431655,0,0.107913669064748
"835","Bob McClure",0.0130548302872063,0,0,0.140992167101828
"836","Bill Holland",0.0104347826086957,0,0,0.125217391304348
"837","Jack Combs",0.00806451612903226,0.00806451612903226,0,0.120967741935484
"838","Rocky Ellis",0.00505050505050505,0,0.00505050505050505,0.131313131313131
"839","Johnny Wright",0.0277777777777778,0,0,0.111111111111111
"840","Nelson Dean",0.0060790273556231,0.0060790273556231,0.0060790273556231,0.11854103343465
"841","Hooty Phillips",0.0186915887850467,0,0,0.102803738317757
"842","Silvino Ruiz",0,0,0,0.133333333333333
"843","Ramón Martínez",0,0,0,0.151785714285714
"844","John Harper",0,0.00769230769230769,0,0.123076923076923
"845","Elbert Williams",0.0198019801980198,0,0.0099009900990099,0.0693069306930693
"846","Laymon Yokely",0.0191256830601093,0.00273224043715847,0.00546448087431694,0.109289617486339
"847","John Taylor",0.0164835164835165,0.00549450549450549,0,0.0989010989010989
"848","Jonas Gaines",0.00476190476190476,0,0,0.1
"849","Tommy Johnson",0.0185185185185185,0,0,0.101851851851852
"850","Neck Stanley",0.0118343195266272,0,0,0.109467455621302
"851","Emory Long",0,0,0,0.120967741935484
"852","Preacher Henry",0.0140845070422535,0.00704225352112676,0,0.0633802816901408
"853","Ted Trent",0.0151187904967603,0.00431965442764579,0.00215982721382289,0.0777537796976242
"854","Bill Anderson",0.00793650793650794,0,0,0.119047619047619
"855","George Boggs",0.016260162601626,0,0,0.0975609756097561
"856","Tom Williams",0,0,0,0.10880829015544
"857","Steel Arm Tyler",0,0,0.00478468899521531,0.114832535885167
"858","Charley Wilson",0,0,0,0.120689655172414
"859","Tom Johnson",0,0,0,0.0884955752212389
"860","Bob Evans",0.00847457627118644,0,0,0.101694915254237
"861","Ches Buchanan",0.00862068965517241,0,0,0.0862068965517241
"862","Wilbert Pritchett",0,0,0,0.118811881188119
"863","Luis Tiant",0,0,0,0.0829493087557604
"864","Leniel Hooker",0.0104529616724739,0,0,0.0836236933797909
